Frame ID,QR ID,QR 2D,QR 3D: dist,QR 3D: yaw,QR 3D: pitch,QR 3D: roll
273,0,"[[408.0, 63.0], [467.0, 59.0], [472.0, 119.0], [415.0, 123.0]]",0.8108200332245792,-155.32392500078245,8.62195569708998,-1.6977061553945232
274,0,"[[412.0, 31.0], [470.0, 27.0], [473.0, 86.0], [415.0, 90.0]]",0.8249080827608488,-176.788574800097,5.762130764684966,-2.338767020017039
287,0,"[[228.0, 27.0], [288.0, 23.0], [294.0, 83.0], [236.0, 87.0]]",0.8479043347412181,-150.69863680482158,-15.083478222309628,-9.305206589838983
288,0,"[[122.0, 12.0], [187.0, 8.0], [195.0, 68.0], [131.0, 74.0]]",0.8194002727406655,178.53385304023539,-7.952923094975684,-7.726692776711431
308,0,"[[681.0, 56.0], [746.0, 55.0], [745.0, 118.0], [681.0, 117.0]]",0.776014049486783,-142.77128840542295,23.395816860058005,6.926497065178076
309,0,"[[812.0, 35.0], [883.0, 32.0], [877.0, 99.0], [807.0, 101.0]]",0.7908697068802492,-175.88155081726376,20.443994419133553,4.503897691339047
316,1,"[[615.0, 84.0], [640.0, 88.0], [637.0, 114.0], [611.0, 112.0]]",1.8257134843298,-168.2451280923247,-6.853330399600081,4.47931359286467
317,1,"[[672.0, 99.0], [698.0, 103.0], [694.0, 129.0], [669.0, 126.0]]",1.8459773145210139,-174.62875037074855,-3.9999344978760902,6.345366125630502
318,1,"[[702.0, 120.0], [727.0, 122.0], [724.0, 149.0], [698.0, 146.0]]",1.8703786188284663,-159.61118257975255,28.620671569960695,13.482290926765673
319,1,"[[705.0, 120.0], [732.0, 123.0], [728.0, 151.0], [702.0, 151.0]]",1.6831033316908985,-164.5561610389076,-11.788741355488872,-0.03846523037991175
320,1,"[[712.0, 116.0], [740.0, 118.0], [736.0, 147.0], [708.0, 144.0]]",1.7484678029307619,-161.9571842580778,25.08026417964943,11.920026981329693
321,1,"[[737.0, 115.0], [765.0, 116.0], [762.0, 145.0], [735.0, 143.0]]",1.7607306763243566,-156.42828278154892,33.06981037187262,12.613765867613406
322,1,"[[752.0, 111.0], [781.0, 113.0], [778.0, 142.0], [750.0, 141.0]]",1.7096420526149816,-172.10451355877086,-1.2511019937381478,2.442332221899769
323,1,"[[725.0, 92.0], [752.0, 93.0], [750.0, 123.0], [721.0, 123.0]]",1.6650271504295722,-163.1715945882646,-7.47963590975517,-1.182327833746986
324,1,"[[688.0, 106.0], [714.0, 107.0], [712.0, 136.0], [684.0, 136.0]]",1.6875223352990516,-161.43643430297584,-9.576318516655231,-1.6155195724191178
325,1,"[[658.0, 88.0], [686.0, 90.0], [684.0, 121.0], [656.0, 119.0]]",1.603745130578484,-171.260995033876,-11.92198885459373,0.3405233089574981
326,1,"[[657.0, 92.0], [686.0, 94.0], [683.0, 124.0], [654.0, 123.0]]",1.6344933884364994,-164.42931397538052,-3.7330260323702174,1.647945716749481
327,1,"[[669.0, 80.0], [699.0, 82.0], [696.0, 114.0], [667.0, 113.0]]",1.5470545547102357,-167.29834163764735,-10.151601001060342,-0.36811444903565654
328,1,"[[663.0, 75.0], [694.0, 77.0], [691.0, 109.0], [661.0, 108.0]]",1.547831979879249,-167.8022959293164,-5.387609784756539,0.9118755975588366
329,1,"[[643.0, 73.0], [674.0, 76.0], [671.0, 109.0], [640.0, 107.0]]",1.4913282350435724,-169.19415933139067,-8.577781911418064,1.7350653501167526
330,1,"[[664.0, 73.0], [696.0, 76.0], [693.0, 108.0], [661.0, 107.0]]",1.5166184573266979,-170.37408235991523,0.048888208984907304,3.37132576095731
331,1,"[[676.0, 75.0], [709.0, 78.0], [704.0, 113.0], [673.0, 111.0]]",1.4209065732566049,-165.583326851669,-10.69435757195867,0.8838216059441785
332,1,"[[674.0, 83.0], [707.0, 85.0], [704.0, 121.0], [671.0, 119.0]]",1.3944569079183453,-168.45367950308207,-8.804047936453443,0.6411683220615944
333,1,"[[663.0, 73.0], [697.0, 75.0], [695.0, 112.0], [660.0, 110.0]]",1.3547051115261164,-170.91330878331604,-6.840842745130615,1.0351919622046561
334,1,"[[648.0, 99.0], [684.0, 100.0], [682.0, 139.0], [647.0, 138.0]]",1.2693455378702063,-169.83616907229327,-10.955829696139439,-1.5859303923539998
335,1,"[[676.0, 98.0], [714.0, 99.0], [712.0, 137.0], [674.0, 137.0]]",1.2920583352598163,-170.65283414839135,4.068418970616224,1.5895745445366065
336,1,"[[676.0, 98.0], [714.0, 99.0], [712.0, 137.0], [674.0, 137.0]]",1.2920583352598163,-170.65283414839135,4.068418970616224,1.5895745445366065
337,1,"[[703.0, 120.0], [742.0, 124.0], [739.0, 165.0], [700.0, 163.0]]",1.1721583869929093,-174.3834164460769,-8.616035564658638,1.9972886333894757
338,1,"[[713.0, 117.0], [755.0, 120.0], [752.0, 163.0], [710.0, 161.0]]",1.1359643751993609,-174.85329688430824,-2.759589992665374,2.487285443776853
339,1,"[[732.0, 109.0], [777.0, 111.0], [773.0, 157.0], [730.0, 155.0]]",1.0890331001707354,-173.00351667836628,-3.07402163336982,1.5240652026883346
340,1,"[[732.0, 122.0], [777.0, 124.0], [774.0, 171.0], [730.0, 169.0]]",1.0583403544361312,-174.4228290426965,-5.08252189682875,1.0975073537500522
341,1,"[[759.0, 103.0], [807.0, 104.0], [805.0, 156.0], [757.0, 155.0]]",0.9743385457920531,-173.22567885483468,-7.139301025298174,-0.7763239090745163
342,1,"[[769.0, 123.0], [820.0, 125.0], [819.0, 175.0], [768.0, 176.0]]",0.9679724743726564,-177.8287086141839,-0.047970522922025666,0.43991602145552766
343,1,"[[806.0, 102.0], [862.0, 102.0], [862.0, 160.0], [806.0, 160.0]]",0.8774858213606836,-178.13725950436168,-3.024910192952905,-0.7963569407755142
344,1,"[[848.0, 125.0], [907.0, 127.0], [907.0, 189.0], [847.0, 187.0]]",0.8220107378840433,179.16373892015545,-4.695630005518192,0.878847484589142
364,3,"[[487.0, 122.0], [503.0, 123.0], [502.0, 139.0], [486.0, 139.0]]",2.890946770000842,-157.74219969058584,-9.88505034099746,-0.8468876020495516
365,3,"[[492.0, 123.0], [509.0, 124.0], [508.0, 140.0], [492.0, 139.0]]",2.846326515700132,-146.674804818738,6.394325452226477,4.832950792743391
368,3,"[[503.0, 158.0], [521.0, 159.0], [521.0, 177.0], [503.0, 179.0]]",2.431018316257058,-164.639975859368,-17.52706939307596,-5.365578376422753
369,3,"[[486.0, 153.0], [504.0, 152.0], [505.0, 170.0], [487.0, 173.0]]",2.467782605705446,-158.27201420710017,-14.311841642282353,-9.494395793703664
370,3,"[[495.0, 170.0], [513.0, 170.0], [512.0, 189.0], [496.0, 189.0]]",2.7246491771905257,-168.83602316588983,2.5662822861717607,0.22435577973527618
372,3,"[[542.0, 145.0], [561.0, 146.0], [559.0, 166.0], [541.0, 165.0]]",2.524862336447906,-167.65564474965277,-1.264856819953592,2.940391503670661
373,3,"[[544.0, 159.0], [564.0, 161.0], [563.0, 180.0], [544.0, 180.0]]",2.35041231082221,-177.6665610663156,-8.10560756877275,1.084030635994989
374,3,"[[547.0, 169.0], [567.0, 168.0], [567.0, 190.0], [548.0, 191.0]]",2.3581352669247684,-169.41953381992724,-5.8064205145637775,-3.74901176667572
376,3,"[[527.0, 150.0], [549.0, 151.0], [548.0, 173.0], [528.0, 173.0]]",2.1137191421953907,-173.08355580739584,-14.721107542149646,-2.0577516926369084
377,3,"[[504.0, 133.0], [526.0, 132.0], [527.0, 155.0], [506.0, 156.0]]",2.18321294095532,-165.60494745899143,10.864514423518164,-1.1169840780623184
378,3,"[[512.0, 165.0], [535.0, 164.0], [536.0, 188.0], [514.0, 190.0]]",1.9317714903318357,-169.27299394995967,-16.87512656887812,-7.263504777305854
379,3,"[[523.0, 176.0], [547.0, 175.0], [548.0, 197.0], [525.0, 200.0]]",1.9849101138761156,-155.5008109104555,2.371957921259456,-4.75933989955055
380,3,"[[542.0, 135.0], [567.0, 135.0], [566.0, 159.0], [542.0, 159.0]]",1.9306220534277145,-151.50858141642965,4.2108809972617856,0.6952493047237499
381,3,"[[560.0, 151.0], [585.0, 151.0], [585.0, 177.0], [561.0, 177.0]]",1.8310507525660566,-160.67560589903584,24.908464179897358,5.235975614065479
382,3,"[[562.0, 155.0], [587.0, 154.0], [588.0, 181.0], [563.0, 182.0]]",1.768347709764699,-170.98565308725378,-13.083839312084413,-5.114636322967589
383,3,"[[554.0, 162.0], [580.0, 161.0], [580.0, 187.0], [554.0, 188.0]]",1.8009518841150831,-179.98711961066707,13.746844040130483,0.21642898733436486
385,3,"[[551.0, 148.0], [578.0, 148.0], [577.0, 177.0], [551.0, 177.0]]",1.7566283586836158,-169.07499000062433,-3.333675238514117,-0.7714095853451158
386,3,"[[552.0, 140.0], [580.0, 140.0], [580.0, 169.0], [553.0, 170.0]]",1.6253822278694785,-170.16441272371728,-12.42778657494896,-3.990571388870534
387,3,"[[562.0, 135.0], [591.0, 134.0], [592.0, 164.0], [563.0, 166.0]]",1.5771770283098905,-168.1492753900605,-7.8569646067822845,-4.879204371170225
388,3,"[[573.0, 149.0], [603.0, 147.0], [605.0, 177.0], [575.0, 180.0]]",1.5651735306015595,-170.8936888483904,0.1390659315230106,-4.9368335096537255
389,3,"[[604.0, 117.0], [635.0, 117.0], [635.0, 149.0], [604.0, 150.0]]",1.4993857779943929,-169.90530601290814,-5.562656781728373,-2.4904375866104806
390,3,"[[629.0, 126.0], [662.0, 126.0], [664.0, 160.0], [630.0, 160.0]]",1.3861839904097817,177.3569593636531,-5.327607868144516,-1.468109130952369
391,3,"[[665.0, 144.0], [699.0, 142.0], [700.0, 178.0], [666.0, 179.0]]",1.3704425066069044,-162.7889448240342,31.665397670993702,4.173912602885115
392,3,"[[675.0, 140.0], [711.0, 137.0], [711.0, 175.0], [676.0, 176.0]]",1.3231111930112691,-166.76643997845062,32.08364549740684,3.656080428630889
393,3,"[[688.0, 105.0], [724.0, 104.0], [725.0, 143.0], [689.0, 145.0]]",1.2573641430267937,-171.54704205048796,-9.758089473528125,-4.954750933920169
394,3,"[[698.0, 104.0], [736.0, 101.0], [737.0, 141.0], [700.0, 143.0]]",1.2614043421966312,-159.2313702582609,35.33214549594074,5.381200046791814
395,3,"[[708.0, 64.0], [748.0, 62.0], [750.0, 105.0], [709.0, 108.0]]",1.1675728021688572,-171.49703057830453,-5.6228708852427465,-5.231039586050378
396,3,"[[728.0, 74.0], [771.0, 71.0], [773.0, 117.0], [730.0, 120.0]]",1.103488200262223,-172.41323444284396,-5.111138965354067,-5.487315962157774
397,3,"[[792.0, 44.0], [840.0, 42.0], [839.0, 93.0], [792.0, 95.0]]",1.0366636278603885,-170.8612176487088,-3.993777158714578,-3.6098816707973507
398,3,"[[850.0, 44.0], [902.0, 43.0], [901.0, 97.0], [850.0, 99.0]]",0.9825279593100977,-174.473613533887,-3.6402016821828944,-2.5444984258241843
399,3,"[[888.0, 47.0], [942.0, 45.0], [942.0, 101.0], [888.0, 103.0]]",0.9659004544377174,-176.27233279862833,-2.3618487974566755,-2.417343900365806
418,2,"[[273.0, 63.0], [305.0, 62.0], [304.0, 102.0], [274.0, 103.0]]",1.5178370400992345,-160.3055249056083,-29.094015470239395,-8.821009240923342
422,5,"[[69.0, 77.0], [87.0, 78.0], [87.0, 96.0], [69.0, 95.0]]",2.9329716642830714,-174.48757004731812,-0.6162266809998642,2.648698206874867
422,2,"[[604.0, 61.0], [634.0, 57.0], [630.0, 98.0], [600.0, 101.0]]",1.2153680509061533,-170.60483930875142,50.243040150002415,12.337630495420688
423,2,"[[629.0, 64.0], [660.0, 61.0], [656.0, 102.0], [625.0, 104.0]]",1.2264616728787106,-168.09203772742313,49.10420551660938,13.675846628691067
424,2,"[[680.0, 58.0], [711.0, 55.0], [706.0, 98.0], [675.0, 100.0]]",1.1887594006001172,-163.77250055718702,54.889709715951106,18.353434765488124
425,2,"[[723.0, 68.0], [754.0, 65.0], [750.0, 110.0], [718.0, 111.0]]",1.162809819477332,-158.11850265036753,58.391640446740844,21.863145475639545
426,5,"[[276.0, 117.0], [293.0, 118.0], [293.0, 134.0], [276.0, 132.0]]",3.1731509978064616,-173.48956739270184,-12.690811915386298,1.125304098979378
426,2,"[[782.0, 64.0], [815.0, 59.0], [811.0, 104.0], [777.0, 108.0]]",1.1692439703072341,-162.69251548725975,61.253982880198386,18.377285290235793
427,5,"[[298.0, 110.0], [316.0, 111.0], [314.0, 127.0], [298.0, 125.0]]",2.8697951010567446,-141.13494303635972,-12.43160137281484,1.9860844580666528
427,2,"[[789.0, 47.0], [822.0, 40.0], [818.0, 87.0], [785.0, 92.0]]",1.1438441373346124,-160.47125528351742,64.49143226131447,19.883461084917588
428,5,"[[305.0, 94.0], [322.0, 95.0], [321.0, 111.0], [305.0, 110.0]]",2.9634234173581566,-147.9539021815543,-12.346806615493673,0.0949787338344247
428,2,"[[787.0, 28.0], [820.0, 21.0], [815.0, 71.0], [783.0, 75.0]]",1.1010284588543244,-152.3596111285242,66.11350338844159,27.179495738414058
429,2,"[[798.0, 33.0], [831.0, 27.0], [826.0, 76.0], [793.0, 81.0]]",1.1017736301614947,-153.57864676619292,66.32963575226601,26.718329210088125
431,5,"[[379.0, 91.0], [395.0, 92.0], [395.0, 108.0], [379.0, 108.0]]",2.9787000610892376,-166.57527977969679,-12.398307916325805,-1.741650750350266
434,5,"[[423.0, 128.0], [440.0, 127.0], [441.0, 143.0], [424.0, 144.0]]",2.7760513750515945,170.48102739608555,-0.008863144321611281,-3.5482022608643153
435,5,"[[422.0, 136.0], [439.0, 135.0], [440.0, 152.0], [424.0, 153.0]]",2.804953212562693,-160.75397781785767,9.310106022607876,-1.4526377755000872
436,5,"[[434.0, 164.0], [451.0, 165.0], [451.0, 182.0], [435.0, 182.0]]",2.6831399077771283,-176.91378527893258,-20.293210244079987,-2.5097022866047536
436,2,"[[889.0, 32.0], [929.0, 16.0], [926.0, 82.0], [888.0, 94.0]]",0.857956225287225,-142.91447364176028,80.12899622228026,35.17522703816423
438,5,"[[462.0, 177.0], [478.0, 178.0], [478.0, 195.0], [461.0, 195.0]]",2.695853960143152,-169.22764833091935,-17.270513184101304,-1.555800304893902
439,5,"[[441.0, 198.0], [457.0, 199.0], [457.0, 216.0], [440.0, 215.0]]",2.743574522180148,-177.4268233657703,-14.272055721577289,1.1495949937679446
439,2,"[[898.0, 55.0], [942.0, 39.0], [938.0, 112.0], [894.0, 123.0]]",0.7732746173356948,-144.97585710268214,80.05171224924077,34.68122905679609
440,5,"[[416.0, 193.0], [433.0, 193.0], [434.0, 210.0], [416.0, 210.0]]",2.6618267728490355,173.18582721958236,-6.078081909483428,-1.0867315268144973
440,2,"[[880.0, 45.0], [926.0, 27.0], [921.0, 102.0], [876.0, 114.0]]",0.7525912148610774,-152.41966772276268,78.83452345130877,27.974401903175863
441,5,"[[386.0, 171.0], [404.0, 171.0], [404.0, 189.0], [386.0, 187.0]]",2.603500730413174,-148.29393827399323,1.4751998177855479,3.42141758718435
442,5,"[[351.0, 199.0], [368.0, 197.0], [370.0, 215.0], [352.0, 216.0]]",2.6609545525167086,-179.6300163481723,2.5793921862020204,-4.660084562253862
442,2,"[[849.0, 33.0], [900.0, 11.0], [897.0, 94.0], [845.0, 110.0]]",0.669338194826659,-162.42383242431848,76.86214319688119,17.650485740633332
443,2,"[[881.0, 35.0], [939.0, 10.0], [940.0, 96.0], [881.0, 114.0]]",0.6569891805951585,-166.38691141723177,75.9163542300819,10.785048108091795
444,5,"[[352.0, 213.0], [371.0, 212.0], [372.0, 231.0], [355.0, 232.0]]",2.585420123839819,-166.8342567168067,3.556184992560492,-3.3543970218250565
445,5,"[[371.0, 217.0], [389.0, 216.0], [391.0, 235.0], [373.0, 236.0]]",2.4456573429941395,-165.6227189323216,15.276258891005103,-1.0502460001655542
446,5,"[[406.0, 219.0], [426.0, 216.0], [427.0, 235.0], [408.0, 236.0]]",2.370009425607242,-148.06777900625195,-5.0804928414052695,-6.6365772158733645
447,5,"[[428.0, 176.0], [447.0, 176.0], [448.0, 195.0], [428.0, 195.0]]",2.393152550644009,174.16999235096256,-4.889438876560056,-0.9997235011422221
449,5,"[[490.0, 161.0], [510.0, 160.0], [511.0, 181.0], [492.0, 182.0]]",2.3911218322314585,-168.1289511500027,5.459286739283917,-2.7995730835508117
450,5,"[[517.0, 156.0], [538.0, 154.0], [539.0, 175.0], [519.0, 176.0]]",2.281347506476487,-158.2193283849782,8.717422320075046,-2.594271129732716
451,5,"[[535.0, 154.0], [555.0, 153.0], [557.0, 174.0], [536.0, 176.0]]",2.211157272301561,-171.24192322502125,-9.336233367294295,-6.191207892790197
452,5,"[[536.0, 139.0], [558.0, 138.0], [558.0, 159.0], [537.0, 160.0]]",2.195202305217409,-151.29382664419822,4.024274469045455,-2.0392115773486843
454,5,"[[555.0, 128.0], [577.0, 126.0], [578.0, 149.0], [556.0, 151.0]]",2.0881515870198,-161.1958493981215,-6.539335552807876,-6.893747887190935
455,4,"[[430.0, 225.0], [441.0, 226.0], [441.0, 236.0], [430.0, 236.0]]",4.19631393824238,168.21871116392697,-8.367578494872802,1.470392911635569
455,5,"[[564.0, 122.0], [587.0, 120.0], [589.0, 143.0], [566.0, 146.0]]",2.05139086654069,-167.87838262954338,0.7249427101336251,-6.275279957573326
456,5,"[[574.0, 127.0], [597.0, 126.0], [599.0, 150.0], [576.0, 152.0]]",1.9548549046564168,-174.1840343613032,-10.777868412423516,-6.401075683452964
457,5,"[[634.0, 125.0], [660.0, 124.0], [660.0, 149.0], [636.0, 151.0]]",1.909546672280727,-171.17622529046216,0.5927279531300393,-3.6734666836029457
458,7,"[[432.0, 274.0], [432.0, 265.0], [442.0, 265.0], [441.0, 275.0]]",4.851335419853308,175.65979588655827,5.578357516904853,-86.92675680500703
458,5,"[[657.0, 117.0], [683.0, 115.0], [684.0, 142.0], [658.0, 143.0]]",1.8474609712592753,-159.45325414106463,25.304583472964193,2.6251867290160513
459,5,"[[679.0, 113.0], [707.0, 111.0], [707.0, 138.0], [680.0, 140.0]]",1.8058532075373277,-155.57276947923881,13.197859253418757,-1.3834772983873076
460,4,"[[532.0, 232.0], [543.0, 232.0], [543.0, 244.0], [532.0, 244.0]]",3.886882374086631,-173.3850170258289,-18.222902462061686,-2.467365034675338
460,5,"[[688.0, 111.0], [717.0, 109.0], [717.0, 137.0], [690.0, 139.0]]",1.763968544355596,-158.14552033548412,22.832326134111494,1.2641821180649933
462,5,"[[699.0, 88.0], [731.0, 86.0], [730.0, 116.0], [700.0, 118.0]]",1.6293585869738132,-150.01645565810668,14.98382638681937,-0.052604851614809656
463,7,"[[447.0, 265.0], [447.0, 255.0], [457.0, 254.0], [457.0, 265.0]]",4.359546696916431,160.78235402052033,-2.947035449143658,-89.94011105849783
463,4,"[[524.0, 212.0], [536.0, 212.0], [536.0, 225.0], [524.0, 225.0]]",3.6039785789425376,-172.21982532606924,-17.301979434975053,-2.738036482207971
463,5,"[[695.0, 79.0], [727.0, 76.0], [727.0, 107.0], [697.0, 109.0]]",1.6246559781797694,-152.06096396568455,20.16289920572442,0.6826523770607232
464,7,"[[446.0, 272.0], [446.0, 261.0], [456.0, 261.0], [456.0, 271.0]]",4.355312295927926,-159.6444614203641,13.84876167059588,-89.78307752180392
464,5,"[[698.0, 73.0], [731.0, 69.0], [732.0, 101.0], [700.0, 104.0]]",1.5607215080300627,-150.1272513701741,17.881566934274353,-1.5783971085427224
465,4,"[[505.0, 231.0], [517.0, 230.0], [518.0, 242.0], [505.0, 243.0]]",3.678062112094345,168.19744906449736,9.721918326391682,-3.545017502954139
465,5,"[[685.0, 82.0], [719.0, 79.0], [719.0, 112.0], [687.0, 115.0]]",1.52007618426913,-157.8662148757903,14.220501153730059,-1.8278127083417148
466,4,"[[548.0, 218.0], [561.0, 218.0], [561.0, 231.0], [548.0, 231.0]]",3.5827650441935166,-178.52846340045,1.592613724670659,0.0549168776311488
466,5,"[[745.0, 59.0], [781.0, 55.0], [782.0, 91.0], [746.0, 94.0]]",1.4484717746630662,-155.58674863965936,25.146067675424533,1.5470565282386515
467,7,"[[474.0, 264.0], [473.0, 253.0], [483.0, 252.0], [484.0, 263.0]]",4.194997756768197,154.0577179560934,4.445507532442965,-95.223017156073
467,4,"[[556.0, 207.0], [569.0, 207.0], [569.0, 220.0], [555.0, 220.0]]",3.452280833740858,171.10205197871488,11.403770341377797,1.5423366089216575
467,5,"[[762.0, 38.0], [800.0, 34.0], [801.0, 72.0], [763.0, 76.0]]",1.3820887642585646,-170.25072543303173,9.167220456877628,-3.3964978549448124
468,7,"[[472.0, 271.0], [472.0, 260.0], [482.0, 259.0], [483.0, 271.0]]",4.017289901883818,154.6397408484145,4.5022895409265145,-92.47974347545073
468,5,"[[778.0, 22.0], [819.0, 18.0], [820.0, 59.0], [779.0, 63.0]]",1.2909997977706702,-172.56849109764156,7.374004527467392,-3.2817742581632
469,4,"[[562.0, 202.0], [575.0, 200.0], [576.0, 216.0], [563.0, 216.0]]",3.129451823343042,-169.41627341114062,36.7333810533904,1.6532075679091434
470,4,"[[504.0, 212.0], [517.0, 211.0], [519.0, 225.0], [504.0, 226.0]]",3.302679931187575,178.84508725992555,2.1430880170877566,-3.9195788578771755
471,4,"[[498.0, 209.0], [512.0, 208.0], [513.0, 222.0], [498.0, 223.0]]",3.1843130456557858,170.34886258870122,8.747111078614484,-2.8422821515166072
475,4,"[[527.0, 205.0], [542.0, 205.0], [542.0, 221.0], [527.0, 221.0]]",2.933504665707922,-172.24266430727326,-14.603835031020797,-2.4132470279216203
476,4,"[[535.0, 218.0], [550.0, 217.0], [551.0, 233.0], [535.0, 234.0]]",2.9077173438791246,-178.46671437558194,19.806952510909994,-1.2042222429510208
478,7,"[[408.0, 291.0], [408.0, 278.0], [421.0, 277.0], [422.0, 291.0]]",3.4083667089899086,175.86892008942155,-0.5982871117013387,-91.9599959592491
478,4,"[[507.0, 219.0], [523.0, 219.0], [522.0, 236.0], [506.0, 236.0]]",2.7141175752997087,179.47256028959063,24.00546842045678,3.304665860565893
479,7,"[[396.0, 289.0], [396.0, 276.0], [409.0, 275.0], [410.0, 289.0]]",3.411917958582382,176.17554244401276,-0.498884306417884,-91.97219687029317
479,4,"[[494.0, 215.0], [511.0, 215.0], [512.0, 231.0], [495.0, 232.0]]",2.7135462009266074,171.56508143219708,-3.9068716523506826,-2.322925842935148
480,4,"[[479.0, 232.0], [496.0, 232.0], [496.0, 249.0], [479.0, 250.0]]",2.638157222379226,-166.26013812176936,-12.637451251979492,-3.344188486347192
480,7,"[[380.0, 310.0], [379.0, 297.0], [393.0, 295.0], [394.0, 309.0]]",3.4175074844749567,-178.6733077709973,-1.4002975925711163,-95.29411708098527
481,4,"[[476.0, 238.0], [493.0, 236.0], [494.0, 254.0], [476.0, 255.0]]",2.5697146070267096,171.79846047263703,14.915653041829062,-3.360311045177761
482,4,"[[467.0, 193.0], [485.0, 192.0], [486.0, 210.0], [468.0, 212.0]]",2.5136340361618474,-163.1096515137496,-11.198971247209327,-6.754168289524407
483,7,"[[356.0, 279.0], [356.0, 265.0], [371.0, 265.0], [371.0, 280.0]]",3.1087566882823476,-179.6416984512138,19.00448293031196,-87.96910431345427
483,4,"[[462.0, 202.0], [480.0, 202.0], [480.0, 221.0], [462.0, 221.0]]",2.466616855339027,-171.39197385189033,17.85180995677334,2.6846740895013754
484,7,"[[360.0, 294.0], [359.0, 278.0], [374.0, 278.0], [375.0, 293.0]]",2.9789311890786987,-157.31980186671922,0.11044349098891627,-93.65868192169074
484,4,"[[467.0, 214.0], [485.0, 214.0], [485.0, 233.0], [467.0, 234.0]]",2.3873326964944335,-167.1500484976562,-20.853085957794548,-4.7330111571396785
484,10,"[[899.0, 213.0], [912.0, 210.0], [912.0, 251.0], [898.0, 252.0]]",1.2860960615144243,-28.01785475508083,80.60766835538924,150.868472058995
485,7,"[[341.0, 324.0], [340.0, 308.0], [356.0, 308.0], [356.0, 323.0]]",2.9845475089675824,-163.42658414755394,5.258658530037461,-91.11662328144692
485,4,"[[449.0, 242.0], [468.0, 241.0], [469.0, 261.0], [450.0, 261.0]]",2.3651026282533865,-168.26707880621117,14.090075398862648,-0.01663426676049667
485,10,"[[901.0, 235.0], [916.0, 232.0], [916.0, 275.0], [901.0, 276.0]]",1.2200817231711376,-22.715799937285617,81.89004764927839,155.97705841989932
486,4,"[[426.0, 206.0], [446.0, 207.0], [445.0, 227.0], [425.0, 227.0]]",2.260541245615377,-163.92240229222938,-15.586835111597189,-1.0008999781917378
486,7,"[[311.0, 289.0], [312.0, 273.0], [327.0, 273.0], [326.0, 290.0]]",2.817632333132037,161.79195351908453,-0.41414746012129744,-86.61209228002218
486,10,"[[907.0, 211.0], [924.0, 208.0], [923.0, 254.0], [905.0, 256.0]]",1.1365353150857447,-34.579376279413566,82.47192281843341,145.4034193750883
487,7,"[[307.0, 299.0], [306.0, 284.0], [321.0, 282.0], [323.0, 299.0]]",2.902763155159632,170.15110241146633,7.112185179012456,-94.22469001370676
487,10,"[[907.0, 220.0], [925.0, 216.0], [924.0, 264.0], [906.0, 264.0]]",1.1207142156606742,-35.9569676344791,82.6348474472733,143.3622499349053
487,4,"[[421.0, 216.0], [441.0, 215.0], [441.0, 236.0], [421.0, 236.0]]",2.257819833036835,-179.6948568105332,12.395891459579714,0.18221242694481254
488,4,"[[456.0, 260.0], [478.0, 261.0], [478.0, 282.0], [457.0, 282.0]]",2.10265839555864,173.16730674599663,-11.790673830762112,0.21486145069769025
488,7,"[[340.0, 350.0], [339.0, 333.0], [355.0, 332.0], [357.0, 349.0]]",2.7075847302789047,-155.77828289853997,-3.5377277455404337,-95.4896807469768
489,4,"[[529.0, 240.0], [552.0, 238.0], [552.0, 261.0], [530.0, 261.0]]",2.0574744808104644,-160.2575284472362,2.1929818457530543,-2.3516541162996267
489,11,"[[928.0, 694.0], [893.0, 683.0], [903.0, 673.0], [939.0, 685.0]]",1.6450138370316352,123.05593583463501,-15.420920234034606,-165.8112625737794
489,7,"[[410.0, 331.0], [409.0, 314.0], [426.0, 313.0], [427.0, 331.0]]",2.6147476467511255,166.36778375830121,7.08665642114226,-92.95036663381661
490,4,"[[548.0, 228.0], [571.0, 228.0], [570.0, 251.0], [547.0, 251.0]]",1.9938479745082855,176.23832270071856,16.55033674091237,1.9286766071928967
490,7,"[[424.0, 320.0], [424.0, 302.0], [441.0, 302.0], [442.0, 320.0]]",2.546054074428775,-163.1447570870442,-3.1572547052665825,-91.69059508093065
491,7,"[[450.0, 325.0], [451.0, 307.0], [468.0, 307.0], [467.0, 326.0]]",2.4769535151982356,156.1304424075302,-1.123166392118108,-86.88435641576291
491,0,"[[42.0, 267.0], [59.0, 267.0], [61.0, 293.0], [44.0, 293.0]]",1.9460023499943717,-172.22333170945043,30.059435015668036,2.549973123267663
491,4,"[[577.0, 231.0], [601.0, 231.0], [602.0, 254.0], [578.0, 255.0]]",1.9360511975993757,173.1718356174412,-0.045771544173385956,-1.3158938588480908
492,7,"[[460.0, 331.0], [461.0, 313.0], [478.0, 313.0], [478.0, 333.0]]",2.409969843154044,155.7337384021436,5.641389104095477,-88.50321961638859
492,4,"[[592.0, 236.0], [616.0, 236.0], [615.0, 261.0], [591.0, 260.0]]",1.9092718639513098,-175.04610566880626,21.79836662079261,3.65783483508207
493,4,"[[616.0, 235.0], [641.0, 235.0], [640.0, 260.0], [615.0, 260.0]]",1.8645251845032125,-165.7116575174751,-0.09518542294901633,-0.1716463248387078
493,7,"[[481.0, 334.0], [481.0, 315.0], [499.0, 315.0], [499.0, 334.0]]",2.420250547716703,159.20895136093503,1.6461057811987951,-90.02299942168231
493,0,"[[54.0, 272.0], [73.0, 273.0], [74.0, 299.0], [56.0, 299.0]]",1.8969664298445872,-171.70791552629663,-73.57648930266225,-10.155665031826784
494,4,"[[619.0, 228.0], [645.0, 228.0], [643.0, 253.0], [618.0, 252.0]]",1.8525692908195046,-157.07971695038862,5.487678462623072,1.655652815978218
494,7,"[[482.0, 327.0], [482.0, 308.0], [500.0, 308.0], [500.0, 327.0]]",2.4212519726403747,159.17613921722756,2.0886808459527977,-90.0325991335731
495,7,"[[458.0, 315.0], [458.0, 295.0], [477.0, 295.0], [477.0, 315.0]]",2.3020260075695993,161.1502983046812,2.7024641498820685,-89.98059777563553
495,4,"[[602.0, 214.0], [628.0, 215.0], [627.0, 241.0], [600.0, 241.0]]",1.7622843575389067,-165.119375119041,-0.38523014689198437,0.8650273096036061
496,7,"[[460.0, 313.0], [460.0, 293.0], [479.0, 293.0], [479.0, 313.0]]",2.3024324190870566,161.04793811282573,2.8344535459624045,-89.98533645924958
496,4,"[[605.0, 209.0], [632.0, 208.0], [631.0, 236.0], [604.0, 236.0]]",1.6992735783745656,179.90701473988645,24.30517115091643,2.2757771549046177
497,7,"[[446.0, 343.0], [446.0, 321.0], [466.0, 322.0], [466.0, 343.0]]",2.132666915112501,-157.46313912403818,-2.253388746806073,-89.99828177963781
497,4,"[[597.0, 231.0], [625.0, 231.0], [624.0, 260.0], [596.0, 261.0]]",1.5811794432637962,-167.0784629775589,-10.774374733662684,-2.4057060998540805
498,7,"[[476.0, 323.0], [477.0, 303.0], [497.0, 303.0], [497.0, 324.0]]",2.2375149097861993,172.97155955942847,-1.4687664598705872,-88.345227133464
498,4,"[[630.0, 210.0], [659.0, 208.0], [660.0, 237.0], [630.0, 239.0]]",1.6006448190040825,175.2483280081775,19.937688763319684,-1.485584151742
499,7,"[[451.0, 330.0], [451.0, 307.0], [472.0, 308.0], [472.0, 330.0]]",2.0392340096870467,-158.35634399285078,-1.2950484630009778,-89.97398112241461
499,4,"[[610.0, 216.0], [641.0, 216.0], [640.0, 246.0], [609.0, 246.0]]",1.5272608661133782,173.70594961760335,13.769823343229909,1.6622973500225906
500,7,"[[463.0, 344.0], [463.0, 321.0], [485.0, 323.0], [485.0, 345.0]]",1.994113236068444,-163.10694892660484,-11.201758219659586,-89.82341247521794
500,4,"[[627.0, 226.0], [659.0, 227.0], [658.0, 258.0], [626.0, 258.0]]",1.4882197964790704,-179.49684807538353,8.260401865431477,1.8528531715357055
501,7,"[[483.0, 360.0], [483.0, 337.0], [505.0, 338.0], [505.0, 361.0]]",1.980760916857903,-163.30525985304493,-7.470571356513763,-89.7096319198571
501,4,"[[651.0, 239.0], [684.0, 239.0], [684.0, 270.0], [650.0, 271.0]]",1.4320636427001872,168.169601354475,14.790620302558274,0.5676192171714518
502,7,"[[489.0, 365.0], [489.0, 341.0], [511.0, 340.0], [512.0, 364.0]]",1.9116508071628557,-161.67477692687604,3.264379687500528,-91.36487411798561
502,4,"[[665.0, 236.0], [699.0, 235.0], [698.0, 269.0], [663.0, 269.0]]",1.3800627604939273,172.9165035287464,23.31118238819691,1.521595144761177
503,4,"[[651.0, 228.0], [686.0, 228.0], [685.0, 264.0], [648.0, 264.0]]",1.3009955468188168,177.4662115388275,25.232624841015717,2.844040186832946
503,7,"[[466.0, 361.0], [466.0, 336.0], [490.0, 336.0], [490.0, 361.0]]",1.8382270649055652,-164.55394043386568,0.19506878860798965,-89.99854712251135
504,7,"[[453.0, 344.0], [453.0, 319.0], [477.0, 318.0], [478.0, 344.0]]",1.8005005890762407,162.83865937125458,0.6427403072784404,-91.06085776061887
504,4,"[[643.0, 202.0], [681.0, 201.0], [680.0, 238.0], [642.0, 239.0]]",1.2564909541463454,175.30462610369418,19.62695122645502,1.1164560389407177
505,7,"[[430.0, 385.0], [430.0, 358.0], [456.0, 359.0], [456.0, 386.0]]",1.6907033799224707,163.4736023649087,5.847574083469117,-89.90468727972276
505,4,"[[627.0, 234.0], [666.0, 232.0], [667.0, 272.0], [627.0, 273.0]]",1.1899523851147684,-178.55336671087775,21.113532945001715,-0.233936395489862
506,4,"[[663.0, 216.0], [706.0, 215.0], [705.0, 256.0], [662.0, 257.0]]",1.1235688788487452,172.03731389329943,18.698689254696003,0.8338244630130278
506,7,"[[454.0, 371.0], [455.0, 343.0], [481.0, 344.0], [481.0, 371.0]]",1.669291449211815,-164.26625181663687,-0.8809545478957203,-89.00332654705774
507,7,"[[435.0, 359.0], [436.0, 330.0], [463.0, 330.0], [462.0, 359.0]]",1.5787799241634477,158.30151723986478,-4.40056731788511,-88.08381240437306
507,4,"[[653.0, 202.0], [697.0, 202.0], [696.0, 245.0], [651.0, 245.0]]",1.0845657808074594,175.43410115196266,15.26593147343711,1.9925789782771521
508,7,"[[434.0, 367.0], [434.0, 338.0], [462.0, 338.0], [461.0, 368.0]]",1.5569847246290822,158.98627251240956,0.28619331010347965,-89.06207090518055
508,4,"[[659.0, 208.0], [705.0, 207.0], [703.0, 253.0], [657.0, 252.0]]",1.0451867530561487,178.38015394691473,20.834341645842724,2.6026990580440557
509,4,"[[659.0, 208.0], [708.0, 208.0], [706.0, 256.0], [657.0, 255.0]]",0.9881796240203458,177.37282665345123,15.946326539806032,2.525287421348155
509,7,"[[419.0, 374.0], [420.0, 344.0], [449.0, 345.0], [448.0, 376.0]]",1.5036874633231345,162.59938874984653,2.7260404351943603,-88.06429281877203
510,4,"[[626.0, 216.0], [677.0, 217.0], [674.0, 267.0], [623.0, 264.0]]",0.9356808166286643,173.4541859819305,12.707021344994962,3.621053903864323
510,7,"[[372.0, 391.0], [373.0, 359.0], [403.0, 360.0], [403.0, 392.0]]",1.440534195777684,-156.66247811617762,-5.167908904391687,-89.56304859417615
511,4,"[[585.0, 229.0], [639.0, 229.0], [639.0, 281.0], [584.0, 282.0]]",0.8640799090798164,171.3107433107406,10.265892398096584,0.4710082727299226
511,7,"[[321.0, 415.0], [321.0, 382.0], [354.0, 383.0], [354.0, 416.0]]",1.3906990701057305,174.57205701059482,6.5568827078196135,-89.15353943809602
512,7,"[[291.0, 407.0], [291.0, 373.0], [325.0, 373.0], [325.0, 408.0]]",1.348309622578184,173.7805097303992,2.399744078019585,-89.64974556752841
512,4,"[[562.0, 212.0], [618.0, 213.0], [617.0, 267.0], [561.0, 267.0]]",0.838323078006492,174.31316188941173,6.678188563223399,1.2537504222024871
513,4,"[[550.0, 200.0], [608.0, 200.0], [606.0, 257.0], [548.0, 256.0]]",0.8067473980996988,174.19755675853267,11.02732173057906,1.8114955735775284
513,7,"[[273.0, 404.0], [273.0, 369.0], [308.0, 369.0], [307.0, 405.0]]",1.318480717288723,172.1673422165536,-0.3857578179096786,-89.35112570195285
514,4,"[[519.0, 208.0], [581.0, 209.0], [580.0, 269.0], [518.0, 268.0]]",0.7514643058222005,172.23246319385748,4.021262525639067,1.2873535016805195
514,7,"[[227.0, 424.0], [227.0, 386.0], [264.0, 386.0], [264.0, 424.0]]",1.2466686213754914,173.74587008665472,-0.8116602032305437,-90.23328264526877
515,4,"[[512.0, 193.0], [579.0, 193.0], [578.0, 259.0], [511.0, 258.0]]",0.6962851557573928,174.9810075957607,5.734694761492961,1.0214901811392239
515,7,"[[205.0, 427.0], [205.0, 387.0], [244.0, 387.0], [244.0, 427.0]]",1.1906816893508905,174.27456289746158,-0.702634405088829,-90.22848657228113
516,4,"[[507.0, 195.0], [577.0, 194.0], [577.0, 262.0], [507.0, 263.0]]",0.6658616659456992,173.23876575870443,6.614432459897101,-0.06035094082445592
516,7,"[[194.0, 441.0], [193.0, 400.0], [232.0, 399.0], [233.0, 440.0]]",1.166720457797706,171.09944969240965,-1.3798070079357896,-91.8152976484253
517,7,"[[128.0, 448.0], [129.0, 406.0], [172.0, 406.0], [170.0, 449.0]]",1.1492766426323802,178.77735853725738,-3.2547711786214553,-89.2174839927212
517,4,"[[463.0, 193.0], [536.0, 194.0], [535.0, 266.0], [461.0, 265.0]]",0.6309513946431682,174.39297017016403,3.663283969031405,1.1603186948696949
518,4,"[[352.0, 209.0], [431.0, 208.0], [433.0, 284.0], [351.0, 285.0]]",0.5786031234356726,166.987658993283,-1.418696396544286,-0.9457732963729375
519,4,"[[282.0, 192.0], [369.0, 193.0], [369.0, 270.0], [280.0, 269.0]]",0.5408569328830174,159.47395254419482,-5.952189253947041,-0.15240749812401713
520,4,"[[152.0, 164.0], [249.0, 167.0], [248.0, 250.0], [150.0, 250.0]]",0.5176484917521458,162.56904369723486,-10.68233270405904,-0.727417314776957
521,4,"[[6.0, 181.0], [111.0, 183.0], [109.0, 273.0], [3.0, 272.0]]",0.5250449382519631,166.35532053204594,-13.348308421562496,-1.054107203376259
533,6,"[[312.0, 235.0], [321.0, 235.0], [321.0, 243.0], [312.0, 243.0]]",5.292814524854611,160.90820484087774,-6.473171980202687,-0.8099757117473937
534,6,"[[326.0, 247.0], [335.0, 247.0], [335.0, 255.0], [326.0, 255.0]]",5.262750277063714,160.0673386256396,-6.077204726969046,-0.6814200067288881
535,6,"[[365.0, 254.0], [373.0, 254.0], [373.0, 263.0], [365.0, 263.0]]",5.17762491460926,-175.10698052588742,22.14778685154939,2.325355739108081
537,6,"[[386.0, 229.0], [394.0, 229.0], [394.0, 238.0], [386.0, 238.0]]",5.194373788477962,-173.50482427301134,22.837919780078465,3.040438897272964
538,6,"[[395.0, 230.0], [404.0, 230.0], [404.0, 239.0], [395.0, 238.0]]",5.459612561128493,-163.10104403323322,-1.7309510457370496,1.8673850624314634
539,6,"[[401.0, 239.0], [409.0, 239.0], [409.0, 248.0], [401.0, 248.0]]",5.176519400882778,-173.80012891605773,23.735912008240014,2.8999899295946117
548,6,"[[428.0, 227.0], [437.0, 227.0], [437.0, 236.0], [428.0, 236.0]]",5.155804886028142,-178.4912291740133,2.0040096549351034,0.17951869844856144
554,6,"[[492.0, 232.0], [502.0, 232.0], [502.0, 243.0], [492.0, 243.0]]",4.2326584385001205,-172.52412188554166,-21.605602531428026,-2.9294612430947446
556,6,"[[501.0, 242.0], [512.0, 243.0], [512.0, 253.0], [501.0, 253.0]]",4.1700670801093835,166.9051491639496,-5.121724594891302,1.9371076459231682
557,6,"[[493.0, 246.0], [504.0, 245.0], [503.0, 256.0], [493.0, 256.0]]",4.216737085791536,168.56785254155275,19.541305725719752,-0.6489142833400188
558,6,"[[482.0, 248.0], [492.0, 248.0], [492.0, 260.0], [482.0, 259.0]]",4.015685844922579,-167.12084634865283,30.901839804914093,6.4629239321563094
561,6,"[[445.0, 232.0], [456.0, 232.0], [456.0, 243.0], [445.0, 243.0]]",4.213384143257062,-178.35250205776651,2.036691101999414,0.16389388502699082
564,6,"[[462.0, 248.0], [473.0, 248.0], [473.0, 260.0], [462.0, 260.0]]",3.8648372155858333,-173.70687738153853,23.597953171373643,2.5658586965723895
565,6,"[[464.0, 251.0], [476.0, 251.0], [477.0, 263.0], [465.0, 263.0]]",3.7042908385475757,169.6243455091377,-15.30815547879378,-1.695430642404721
566,6,"[[461.0, 255.0], [473.0, 254.0], [473.0, 266.0], [461.0, 267.0]]",3.6959532407747258,168.39654112202177,16.571094575620343,-3.187911857969221
567,6,"[[455.0, 270.0], [467.0, 270.0], [467.0, 283.0], [455.0, 282.0]]",3.664574003944106,-167.65477416832718,17.627397362205464,3.827404035122273
568,6,"[[447.0, 258.0], [459.0, 257.0], [460.0, 270.0], [448.0, 270.0]]",3.667618008013819,-167.63672499557984,17.634656847986115,-0.7123129493315935
570,6,"[[424.0, 250.0], [437.0, 249.0], [438.0, 262.0], [425.0, 263.0]]",3.5481664620223037,-178.7018044243483,2.304970806030468,-4.235495988441694
573,6,"[[461.0, 252.0], [475.0, 251.0], [475.0, 265.0], [462.0, 265.0]]",3.415889729266453,-168.14362425415734,2.8690185162242736,-1.7555913225591544
574,6,"[[472.0, 251.0], [486.0, 251.0], [487.0, 264.0], [473.0, 265.0]]",3.2753130370426926,168.80131666564822,-5.867840638395417,-2.6958288076782804
575,6,"[[475.0, 255.0], [489.0, 254.0], [490.0, 268.0], [475.0, 269.0]]",3.159132835719015,168.13961636789895,8.010675584005481,-3.2854320165751267
576,6,"[[467.0, 272.0], [481.0, 271.0], [482.0, 285.0], [468.0, 286.0]]",3.287721020893336,-177.91114206998037,2.6305051494169343,-3.9575501522628485
579,6,"[[413.0, 256.0], [428.0, 255.0], [429.0, 270.0], [415.0, 271.0]]",3.1833660989681682,-171.0573837988243,3.9864848581708956,-4.207542555112099
582,6,"[[438.0, 267.0], [454.0, 266.0], [455.0, 281.0], [439.0, 283.0]]",2.85832623281913,-158.89523259374735,-6.971634100487586,-6.0583845468718565
583,6,"[[439.0, 258.0], [455.0, 257.0], [456.0, 273.0], [440.0, 274.0]]",2.881718169232461,-178.50087468642693,2.4302104050887134,-3.424547086165387
584,6,"[[447.0, 263.0], [464.0, 262.0], [465.0, 278.0], [448.0, 279.0]]",2.714058295864962,165.21346108644497,-0.11094322353352262,-3.4523890370780785
585,6,"[[448.0, 262.0], [465.0, 260.0], [466.0, 276.0], [449.0, 278.0]]",2.6736862596949083,162.8340302041567,8.394029481921198,-6.04061488431937
586,6,"[[457.0, 240.0], [474.0, 239.0], [475.0, 256.0], [458.0, 257.0]]",2.717953747228903,-178.3133710946007,2.1484141059303026,-3.225748941017276
587,6,"[[447.0, 263.0], [465.0, 262.0], [466.0, 279.0], [448.0, 280.0]]",2.563634121793189,165.7454251864923,-0.04507966230647544,-3.259136082106019
588,6,"[[425.0, 257.0], [443.0, 256.0], [444.0, 274.0], [426.0, 275.0]]",2.563229336192027,-178.65731167859593,2.3756164393927297,-3.02443391795039
591,6,"[[432.0, 245.0], [452.0, 244.0], [453.0, 263.0], [433.0, 264.0]]",2.3135871917691544,167.63578925558429,-0.47034372362048055,-2.9949941122780026
592,6,"[[442.0, 261.0], [462.0, 259.0], [463.0, 279.0], [444.0, 281.0]]",2.288600269860384,-167.22849400966297,-13.655420296134189,-7.219514379335657
593,6,"[[442.0, 264.0], [462.0, 263.0], [463.0, 284.0], [443.0, 285.0]]",2.1988142481204567,-175.92076409890385,17.37272309599021,-1.4203051896034713
594,6,"[[421.0, 284.0], [443.0, 283.0], [444.0, 303.0], [423.0, 305.0]]",2.142707310958792,-158.8588541344896,-1.729997823819669,-4.1969311784349586
595,6,"[[377.0, 284.0], [400.0, 283.0], [401.0, 305.0], [379.0, 306.0]]",2.0550863329218734,-164.27444220448217,0.7465925147347016,-2.5085598844935024
596,6,"[[367.0, 283.0], [390.0, 281.0], [392.0, 303.0], [369.0, 305.0]]",2.0180757354848855,168.2457509213535,-3.968895479934178,-5.291960268336388
597,6,"[[365.0, 285.0], [388.0, 283.0], [390.0, 306.0], [367.0, 308.0]]",2.0037026807109872,-179.39657754996847,2.1552550878875296,-4.859685661761745
598,6,"[[370.0, 281.0], [394.0, 279.0], [396.0, 302.0], [372.0, 304.0]]",1.9334039333563764,168.6006888351435,-3.7106689021771224,-5.0723116406996684
599,6,"[[371.0, 278.0], [396.0, 276.0], [398.0, 300.0], [373.0, 303.0]]",1.8402498266361318,-163.22898148557886,-11.179529425608905,-6.642593183251072
600,6,"[[373.0, 283.0], [399.0, 280.0], [401.0, 306.0], [375.0, 308.0]]",1.7691527085180043,171.92504654804503,2.7426354374044575,-5.389284179601751
601,6,"[[360.0, 299.0], [387.0, 297.0], [389.0, 323.0], [362.0, 325.0]]",1.7216521908784466,168.92978986033572,-4.469573549301074,-4.490734334936704
602,6,"[[367.0, 282.0], [394.0, 280.0], [396.0, 308.0], [369.0, 309.0]]",1.676265195481954,-173.51254076099443,8.853060885236381,-2.6132644061463988
603,6,"[[362.0, 291.0], [390.0, 289.0], [392.0, 316.0], [364.0, 318.0]]",1.6600066266864215,169.5223920597967,-4.086401239102347,-4.355874761336215
604,6,"[[352.0, 292.0], [381.0, 291.0], [383.0, 319.0], [354.0, 321.0]]",1.602011317860778,174.50291228787012,-10.916205962471823,-3.5255367112850835
605,6,"[[362.0, 295.0], [391.0, 291.0], [394.0, 321.0], [365.0, 323.0]]",1.5809163834130493,-179.16955998410072,4.583664740379259,-5.708879907609439
606,6,"[[360.0, 294.0], [390.0, 291.0], [393.0, 321.0], [362.0, 323.0]]",1.5209822915216002,169.6401351716527,-3.562287496112048,-4.985809988053833
607,6,"[[394.0, 297.0], [425.0, 295.0], [427.0, 325.0], [397.0, 328.0]]",1.502627164683522,-173.5287558677936,-9.843991503000103,-5.321522562026807
608,6,"[[415.0, 289.0], [447.0, 288.0], [447.0, 320.0], [416.0, 321.0]]",1.434072902117812,-171.25966933081142,-13.428176401667269,-2.6087864627739616
609,6,"[[434.0, 287.0], [467.0, 285.0], [468.0, 319.0], [437.0, 320.0]]",1.3707704900016318,-174.18637765137376,17.447659846612726,-1.6715771440273604
610,6,"[[439.0, 314.0], [473.0, 312.0], [474.0, 347.0], [440.0, 348.0]]",1.3264745053187281,176.7630662693745,11.619271495925487,-2.2898764731286247
611,6,"[[441.0, 315.0], [476.0, 313.0], [478.0, 348.0], [443.0, 350.0]]",1.3113585632555886,-179.52252376668346,3.3937301260477777,-3.220074862258192
612,6,"[[437.0, 296.0], [473.0, 293.0], [476.0, 329.0], [440.0, 331.0]]",1.2730551085708652,-168.0872526016912,5.229043426364813,-3.739560435837259
613,6,"[[431.0, 291.0], [468.0, 288.0], [471.0, 325.0], [434.0, 328.0]]",1.2399377208637143,-179.05888679662772,2.9343900162575918,-4.538614832055715
614,6,"[[428.0, 286.0], [466.0, 283.0], [469.0, 320.0], [431.0, 323.0]]",1.2106734170367235,170.4655754955089,-0.43842533800796035,-4.588525674135224
615,6,"[[423.0, 288.0], [462.0, 284.0], [465.0, 323.0], [426.0, 326.0]]",1.174483536298827,173.1917942432261,4.548765263567901,-4.99149773472048
616,6,"[[435.0, 285.0], [476.0, 282.0], [479.0, 323.0], [439.0, 326.0]]",1.1177419104169106,-173.2031841807747,9.831951587078835,-3.7214455091526966
617,6,"[[487.0, 290.0], [530.0, 286.0], [534.0, 328.0], [491.0, 332.0]]",1.0684625710976672,170.66629527028275,2.6314107005426415,-5.261981380315021
618,6,"[[534.0, 281.0], [579.0, 277.0], [582.0, 321.0], [537.0, 325.0]]",1.024279647333695,170.40398209012653,10.841624319601902,-4.628936351377209
619,6,"[[550.0, 269.0], [596.0, 265.0], [599.0, 312.0], [553.0, 315.0]]",0.9935092929369088,-178.94034329870757,17.74456595404206,-3.404547229502127
620,6,"[[593.0, 268.0], [643.0, 264.0], [646.0, 312.0], [596.0, 315.0]]",0.9407508477176904,167.0463310282652,10.476988621381691,-3.562482757915747
621,6,"[[633.0, 268.0], [685.0, 264.0], [688.0, 314.0], [636.0, 317.0]]",0.9176015288611272,168.77428380518518,12.526465006774941,-3.328838714061919
622,6,"[[765.0, 249.0], [825.0, 246.0], [826.0, 301.0], [768.0, 303.0]]",0.8705201985931608,-161.89215072676396,23.665948020606308,-0.8311640292216208
659,0,"[[530.0, 247.0], [539.0, 247.0], [539.0, 256.0], [530.0, 256.0]]",5.150199706102179,-178.32835427284803,1.4348538313170296,0.031216601876172426
660,0,"[[537.0, 251.0], [546.0, 251.0], [546.0, 260.0], [537.0, 260.0]]",5.149886597310962,-178.39849810438872,1.388150326536094,0.020866398839422613
664,0,"[[509.0, 260.0], [519.0, 259.0], [519.0, 269.0], [510.0, 270.0]]",4.573309515734288,-165.50604152013,-15.242719944754587,-7.522161130927326
667,0,"[[544.0, 263.0], [554.0, 263.0], [555.0, 272.0], [545.0, 273.0]]",4.574363467637778,165.08236261884258,-3.874952195922701,-3.279695088378781
670,0,"[[540.0, 283.0], [551.0, 282.0], [551.0, 292.0], [541.0, 293.0]]",4.360081941880601,-157.02566901222875,-1.201546126814893,-5.614264793659553
673,0,"[[508.0, 278.0], [519.0, 277.0], [519.0, 287.0], [509.0, 288.0]]",4.345277425169962,-156.1685996143121,-3.2484610632764173,-5.765219428514433
674,0,"[[514.0, 288.0], [525.0, 288.0], [525.0, 298.0], [515.0, 299.0]]",4.378558022325472,-173.77749678462865,-1.7746261476124243,-3.0869610949810986
675,0,"[[527.0, 271.0], [538.0, 270.0], [539.0, 281.0], [527.0, 282.0]]",3.98354204405959,165.51033023802972,11.415820593934674,-4.219268797337483
676,11,"[[413.0, 495.0], [424.0, 490.0], [439.0, 492.0], [428.0, 497.0]]",2.5061921637564604,-125.39476423060444,43.86273721864115,-31.39328870804451
676,0,"[[530.0, 262.0], [541.0, 262.0], [541.0, 273.0], [530.0, 273.0]]",4.206558412964175,-178.32383785088987,1.2459213890495517,0.006261392289134326
677,0,"[[539.0, 262.0], [550.0, 261.0], [551.0, 272.0], [539.0, 273.0]]",3.9946534766009547,166.1158507857893,11.986233062486908,-4.083392305881289
678,0,"[[538.0, 277.0], [549.0, 276.0], [550.0, 287.0], [538.0, 288.0]]",3.9871392740909717,165.2518899004356,12.077352491510215,-4.25584024145809
679,0,"[[537.0, 273.0], [548.0, 272.0], [549.0, 284.0], [538.0, 285.0]]",3.8442007138551113,-175.16642477051653,-18.1014691173404,-6.615215573133726
680,0,"[[517.0, 271.0], [529.0, 270.0], [530.0, 282.0], [518.0, 283.0]]",3.8370823500892177,-178.21130407698305,1.246188346612727,-4.764803981003698
681,0,"[[506.0, 263.0], [518.0, 262.0], [519.0, 274.0], [507.0, 275.0]]",3.838829711073495,-178.05075461771816,1.490283347836894,-4.737640473742985
682,0,"[[503.0, 267.0], [515.0, 266.0], [516.0, 278.0], [504.0, 279.0]]",3.837042102353272,-177.9385597470994,1.4514830908314553,-4.741383283029968
682,11,"[[388.0, 536.0], [399.0, 529.0], [416.0, 530.0], [405.0, 537.0]]",2.310481617453331,-129.2888694310668,41.44747656771568,-39.28379726512979
684,0,"[[523.0, 281.0], [535.0, 280.0], [536.0, 292.0], [524.0, 294.0]]",3.6483915162967375,-168.43748690246525,-12.844272258395142,-8.00564027239452
685,0,"[[513.0, 265.0], [525.0, 264.0], [526.0, 277.0], [514.0, 278.0]]",3.5495286924735936,-174.47844957334985,-18.3611637578053,-6.416802884170518
686,11,"[[368.0, 557.0], [381.0, 549.0], [401.0, 551.0], [389.0, 559.0]]",1.9739089745479088,104.47027204727448,-62.0409417046546,-17.216324247671885
686,0,"[[501.0, 259.0], [513.0, 258.0], [514.0, 271.0], [502.0, 272.0]]",3.5513852465865505,-173.90082839970384,-18.931992628082508,-6.621045939326075
687,11,"[[348.0, 561.0], [361.0, 553.0], [382.0, 555.0], [369.0, 564.0]]",1.931518626316702,106.85538454372457,-62.61295106148335,-18.515282502630356
687,0,"[[484.0, 255.0], [498.0, 254.0], [499.0, 267.0], [486.0, 268.0]]",3.3825756443307,-157.04223447995508,10.012857198141688,-3.359939334864983
688,0,"[[467.0, 265.0], [480.0, 263.0], [482.0, 277.0], [468.0, 279.0]]",3.2497980877514165,176.2996520358437,17.687854625893518,-7.028410692032218
688,11,"[[335.0, 593.0], [349.0, 583.0], [371.0, 585.0], [357.0, 595.0]]",1.8419215642699571,-133.50808855279138,36.08342244367785,-41.615977376386795
689,11,"[[330.0, 597.0], [346.0, 586.0], [367.0, 587.0], [352.0, 599.0]]",1.7974998930823962,106.19352930250064,-58.753920846579426,-23.5100475247586
689,0,"[[458.0, 260.0], [472.0, 258.0], [473.0, 272.0], [460.0, 274.0]]",3.2516179319559813,-165.75168290700762,-14.900913540846132,-9.950303999942143
690,0,"[[446.0, 253.0], [460.0, 251.0], [462.0, 265.0], [448.0, 267.0]]",3.2687832986839274,-178.5957954586738,2.4637466583184615,-7.981764279511769
691,11,"[[312.0, 605.0], [327.0, 593.0], [350.0, 594.0], [335.0, 606.0]]",1.7497074840193172,-131.5407543844537,32.214774366433524,-43.241350570422426
691,0,"[[440.0, 255.0], [453.0, 253.0], [455.0, 267.0], [442.0, 269.0]]",3.2757331473606057,-176.1253072973828,21.34214257629544,-6.623930221521158
692,11,"[[306.0, 624.0], [323.0, 612.0], [347.0, 614.0], [331.0, 626.0]]",1.6486943953471078,103.72257876355133,-62.92599284213425,-19.033016136000974
692,0,"[[443.0, 264.0], [456.0, 262.0], [459.0, 277.0], [444.0, 279.0]]",3.055178064752289,-176.99386897690349,20.85680197667909,-6.374952381462151
693,11,"[[322.0, 605.0], [339.0, 593.0], [364.0, 595.0], [346.0, 608.0]]",1.5989999715475312,105.79338084825375,-59.72639261167206,-21.113949186725474
693,0,"[[467.0, 238.0], [481.0, 236.0], [483.0, 250.0], [468.0, 252.0]]",3.14617156397941,168.68352359489822,7.427193829187461,-7.143081352740952
694,11,"[[304.0, 599.0], [322.0, 586.0], [346.0, 589.0], [329.0, 602.0]]",1.6057171649553554,110.08045103018692,-60.10206595675571,-24.227374882413294
694,0,"[[455.0, 227.0], [470.0, 225.0], [472.0, 240.0], [457.0, 242.0]]",3.064046122606302,-178.5600349452706,2.169633329934151,-7.444954617860335
695,11,"[[305.0, 616.0], [324.0, 602.0], [349.0, 605.0], [331.0, 619.0]]",1.5379604507009972,108.52020218716389,-59.75895110167906,-23.573923052210077
695,0,"[[465.0, 228.0], [480.0, 226.0], [482.0, 241.0], [467.0, 243.0]]",3.0637763388885086,-178.49743063885992,2.1314048044402685,-7.457985518934212
696,11,"[[307.0, 621.0], [327.0, 607.0], [353.0, 611.0], [333.0, 626.0]]",1.4831186708783344,108.80372403011813,-57.99501514194752,-22.115678718768013
696,0,"[[473.0, 227.0], [489.0, 225.0], [490.0, 241.0], [475.0, 242.0]]",2.971291197584514,-165.46438410589818,3.9740489621254564,-5.033482264724318
697,11,"[[296.0, 649.0], [316.0, 634.0], [344.0, 638.0], [325.0, 653.0]]",1.4284001291086739,106.5273700126652,-62.63625498978548,-19.732751854193694
697,0,"[[470.0, 238.0], [485.0, 237.0], [487.0, 252.0], [472.0, 254.0]]",2.9554793885715207,-179.39141359921706,-14.066155383886745,-7.4218826321455955
698,0,"[[481.0, 247.0], [497.0, 245.0], [499.0, 261.0], [483.0, 262.0]]",2.856042833229545,-158.22530893288757,9.841201888405601,-4.4112306035051105
698,11,"[[299.0, 666.0], [320.0, 650.0], [348.0, 655.0], [329.0, 671.0]]",1.407194082315209,107.64897013514046,-62.109041017139354,-19.98001688070555
699,0,"[[488.0, 237.0], [504.0, 235.0], [506.0, 251.0], [490.0, 252.0]]",2.8593972245339465,-157.42633681330676,10.402275590211673,-4.259305063983257
699,11,"[[296.0, 666.0], [319.0, 649.0], [347.0, 655.0], [323.0, 672.0]]",1.3663049339356537,-136.52662325409594,22.2941880007804,-40.29028349409826
700,0,"[[475.0, 249.0], [491.0, 248.0], [493.0, 264.0], [476.0, 265.0]]",2.776863217223189,169.8148066284845,-4.782822959156253,-4.042317369421343
700,11,"[[266.0, 701.0], [290.0, 683.0], [320.0, 689.0], [297.0, 708.0]]",1.3183303375276565,106.97551671458142,-61.021902939450875,-19.037224022611934
701,0,"[[481.0, 248.0], [498.0, 245.0], [500.0, 262.0], [484.0, 264.0]]",2.764879147334844,-167.86611402350647,5.7324930848348465,-8.017546865232308
702,0,"[[478.0, 264.0], [495.0, 263.0], [497.0, 280.0], [480.0, 281.0]]",2.6309874317407655,171.45060385631814,-12.01684038767674,-4.48557052620782
703,0,"[[502.0, 258.0], [520.0, 256.0], [521.0, 273.0], [504.0, 274.0]]",2.631562695442451,-155.12324812575469,4.990774109755196,-4.52929357593838
704,0,"[[507.0, 250.0], [525.0, 248.0], [527.0, 266.0], [509.0, 268.0]]",2.555462025670545,-178.29500646340998,1.6300515955994916,-6.301295567726014
705,0,"[[510.0, 247.0], [528.0, 245.0], [529.0, 264.0], [511.0, 265.0]]",2.4890986041543117,179.75004875507508,18.34474173708628,-3.023721513395611
706,0,"[[511.0, 249.0], [529.0, 248.0], [530.0, 266.0], [512.0, 268.0]]",2.488202377355385,-168.30731555383775,-10.030313804791,-5.861288817587548
707,0,"[[514.0, 252.0], [533.0, 251.0], [534.0, 269.0], [515.0, 270.0]]",2.4352928683023043,166.64701663282736,3.2396689437168433,-2.8173498718362997
708,0,"[[514.0, 263.0], [533.0, 262.0], [534.0, 280.0], [515.0, 282.0]]",2.4197286408087946,-161.0375741120902,-0.9644933231194929,-4.734415927050051
709,0,"[[488.0, 240.0], [507.0, 239.0], [508.0, 259.0], [489.0, 260.0]]",2.318964979693817,-173.32439000125657,-14.861004108932981,-4.773385521434757
710,0,"[[476.0, 252.0], [495.0, 250.0], [497.0, 269.0], [477.0, 271.0]]",2.3475115107036255,170.23449487988478,7.2332387135997935,-5.283877916498686
711,0,"[[458.0, 249.0], [478.0, 248.0], [479.0, 268.0], [459.0, 270.0]]",2.240860353814034,-167.42608968594303,-12.79526472303431,-5.691626967541711
711,4,"[[773.0, 157.0], [785.0, 152.0], [785.0, 189.0], [774.0, 192.0]]",1.3797378455950366,-71.80406576943435,85.10287780433765,106.02732310013502
712,0,"[[451.0, 248.0], [472.0, 246.0], [473.0, 267.0], [453.0, 269.0]]",2.1852856293460543,-166.67775448766326,-12.392982165355734,-6.990131171671327
712,4,"[[775.0, 144.0], [787.0, 140.0], [788.0, 179.0], [776.0, 182.0]]",1.2989784062118785,-70.92913650069521,83.21619134386951,105.59037254023055
713,0,"[[451.0, 240.0], [473.0, 238.0], [474.0, 258.0], [453.0, 261.0]]",2.121173349847456,-153.3951790335451,-6.241705134569171,-7.465599538104343
714,0,"[[465.0, 220.0], [487.0, 218.0], [488.0, 240.0], [466.0, 241.0]]",2.095862277944167,172.8615354675648,6.814559410090937,-3.175208235686477
715,0,"[[491.0, 212.0], [514.0, 210.0], [515.0, 234.0], [492.0, 235.0]]",1.9750976459731608,-177.79158356221978,14.91520342867619,-1.816535992853287
716,0,"[[499.0, 209.0], [523.0, 207.0], [524.0, 231.0], [500.0, 232.0]]",1.9301315566966177,174.0946978418923,7.831886379805659,-2.679530894303339
716,4,"[[915.0, 84.0], [935.0, 75.0], [935.0, 126.0], [913.0, 132.0]]",1.0945278835699475,-55.302883016426094,82.12666337129396,122.4661262390662
717,0,"[[501.0, 231.0], [525.0, 230.0], [526.0, 254.0], [502.0, 255.0]]",1.929854503626331,-178.29506699037813,1.6539356649868133,-2.3191674709602763
718,0,"[[495.0, 224.0], [521.0, 223.0], [522.0, 248.0], [496.0, 250.0]]",1.7779293895370931,-160.0830861746612,-0.9424026232911182,-3.5946759085010687
719,0,"[[495.0, 224.0], [521.0, 223.0], [522.0, 248.0], [496.0, 250.0]]",1.7779293895370931,-160.0830861746612,-0.9424026232911182,-3.5946759085010687
720,0,"[[493.0, 224.0], [520.0, 222.0], [521.0, 248.0], [495.0, 250.0]]",1.7409968084746432,-159.622976597926,-0.2695978394452,-4.497279159642448
721,0,"[[492.0, 240.0], [519.0, 238.0], [521.0, 265.0], [494.0, 267.0]]",1.709841352006063,-178.2458822954966,1.6935277841609524,-4.173972856209079
722,0,"[[526.0, 232.0], [554.0, 230.0], [555.0, 258.0], [527.0, 260.0]]",1.6352756369866286,175.9345168970605,14.585601369201207,-2.5842591943087228
723,0,"[[532.0, 232.0], [561.0, 230.0], [563.0, 259.0], [534.0, 261.0]]",1.5968928592506293,-178.60485429376692,1.5553564486902507,-3.913645285933014
724,0,"[[540.0, 230.0], [570.0, 228.0], [572.0, 257.0], [542.0, 259.0]]",1.5500319759759709,171.39137875742486,4.308351241731357,-3.4820529465862524
725,0,"[[555.0, 230.0], [586.0, 228.0], [587.0, 259.0], [556.0, 261.0]]",1.4931207936324227,178.54931183809416,15.909749284530154,-2.0048169747693274
726,0,"[[544.0, 232.0], [577.0, 229.0], [579.0, 261.0], [546.0, 264.0]]",1.4043635680741322,170.95139905161906,11.134874581608338,-4.1564073956678635
727,0,"[[508.0, 241.0], [541.0, 240.0], [543.0, 272.0], [509.0, 274.0]]",1.3808869657016987,170.9775626792716,2.781326387377983,-2.3439176347378363
728,0,"[[482.0, 233.0], [517.0, 231.0], [519.0, 265.0], [484.0, 267.0]]",1.3213142763089758,171.9635172553367,2.1666224472434052,-3.1495438452858346
729,0,"[[454.0, 247.0], [490.0, 244.0], [492.0, 279.0], [456.0, 282.0]]",1.2736416657522125,170.0627055905245,6.8572925924065915,-4.194925160601016
730,0,"[[450.0, 254.0], [486.0, 251.0], [489.0, 287.0], [453.0, 290.0]]",1.278164906162057,-178.3407280722472,2.2460471690930013,-4.648302303788943
731,0,"[[454.0, 254.0], [492.0, 252.0], [495.0, 289.0], [457.0, 292.0]]",1.209173182955904,174.7864055506542,-3.629642767023274,-4.0990502046015695
732,0,"[[432.0, 253.0], [471.0, 251.0], [474.0, 289.0], [435.0, 292.0]]",1.1798752856262806,175.30718024432113,-4.487213937761503,-4.0751444328516495
733,0,"[[445.0, 242.0], [485.0, 239.0], [488.0, 278.0], [448.0, 281.0]]",1.1531146425040073,172.49606543278531,0.8089272240073885,-4.301856877176032
734,0,"[[453.0, 240.0], [494.0, 238.0], [497.0, 280.0], [455.0, 282.0]]",1.098750570583361,-179.03658699248413,-7.43662512863348,-3.521481160962467
735,0,"[[453.0, 240.0], [494.0, 238.0], [497.0, 280.0], [455.0, 282.0]]",1.098750570583361,-179.03658699248413,-7.43662512863348,-3.521481160962467
736,0,"[[426.0, 245.0], [471.0, 243.0], [473.0, 286.0], [429.0, 289.0]]",1.03720612723754,-162.07184726590938,-1.4001881454380334,-3.4858650911945355
737,0,"[[391.0, 216.0], [436.0, 214.0], [440.0, 258.0], [394.0, 261.0]]",1.0178520551512096,173.92171906902414,-6.513148111949386,-4.003128360474788
738,0,"[[360.0, 230.0], [407.0, 228.0], [408.0, 274.0], [361.0, 276.0]]",0.9850294035053707,172.84434217584914,2.918682367964731,-2.1519571847493104
739,0,"[[299.0, 228.0], [350.0, 224.0], [355.0, 272.0], [304.0, 277.0]]",0.9255852561816255,170.7439394798797,-7.142724934334863,-5.932997824542352
740,0,"[[286.0, 204.0], [340.0, 199.0], [345.0, 251.0], [292.0, 255.0]]",0.887977411755196,-157.58279095650613,-7.552537800299115,-5.917534162257174
741,0,"[[275.0, 194.0], [330.0, 191.0], [335.0, 244.0], [280.0, 248.0]]",0.8691647359931934,177.9151442073402,-10.243091253405112,-5.254182451660533
742,0,"[[270.0, 194.0], [328.0, 191.0], [331.0, 247.0], [274.0, 251.0]]",0.8257997734448088,-160.31511238898665,-16.551287275227015,-6.122040610961499
743,0,"[[265.0, 220.0], [323.0, 216.0], [330.0, 273.0], [272.0, 278.0]]",0.8112828268085086,-179.59315573323207,-18.805462078311194,-6.955030644988876
744,0,"[[228.0, 206.0], [291.0, 203.0], [295.0, 262.0], [233.0, 265.0]]",0.7788633489191368,-156.7071487238244,-11.528327541384385,-4.351362660737893
745,0,"[[192.0, 195.0], [258.0, 194.0], [262.0, 255.0], [196.0, 258.0]]",0.75162434696996,173.67966064184682,-13.640215119749994,-3.7102009252177353
746,0,"[[167.0, 190.0], [234.0, 188.0], [239.0, 253.0], [171.0, 255.0]]",0.742769342799407,-178.30252101626536,-11.539228828440189,-3.6442364544819545
747,0,"[[140.0, 188.0], [212.0, 187.0], [217.0, 255.0], [146.0, 257.0]]",0.7097534711083271,-165.33081482527177,-9.917246239091384,-2.7489352811711774
748,0,"[[139.0, 182.0], [212.0, 180.0], [218.0, 247.0], [146.0, 250.0]]",0.7043194727142736,-157.03391550044824,-13.385218912109439,-4.196511281066386
749,0,"[[61.0, 158.0], [143.0, 157.0], [147.0, 231.0], [67.0, 233.0]]",0.6650544410778216,-156.8130032885851,-25.018963513767574,-5.859245914024646
756,7,"[[825.0, 313.0], [820.0, 262.0], [876.0, 255.0], [882.0, 307.0]]",0.9455517678049177,156.44540565659162,-7.936925205583682,-92.5762956514566
757,7,"[[711.0, 269.0], [708.0, 217.0], [762.0, 211.0], [764.0, 263.0]]",0.9084649453611843,173.84237661484553,16.414557833430255,-97.77829553449537
758,7,"[[692.0, 266.0], [689.0, 215.0], [742.0, 209.0], [745.0, 261.0]]",0.9182751218397994,156.1003209008259,-3.198818611565004,-92.25768982699758
759,7,"[[619.0, 243.0], [619.0, 193.0], [672.0, 188.0], [672.0, 240.0]]",0.8891040351396792,157.99768803470351,-8.975146672213631,-87.92771758055015
760,7,"[[572.0, 270.0], [570.0, 220.0], [621.0, 215.0], [622.0, 266.0]]",0.9418856242899156,172.39633293857628,7.344251825543207,-94.05153762319682
761,7,"[[512.0, 271.0], [509.0, 222.0], [558.0, 217.0], [562.0, 267.0]]",0.9283503738894171,168.0433998184432,-2.1122081211325527,-93.64532226604317
762,7,"[[396.0, 253.0], [392.0, 203.0], [442.0, 199.0], [445.0, 249.0]]",0.9266545185895328,-169.28233922855384,15.05521493241694,-93.3676538362398
763,7,"[[349.0, 267.0], [346.0, 216.0], [396.0, 213.0], [399.0, 263.0]]",0.9184643930605049,-163.767498572946,13.78173786218433,-92.13408318558092
764,7,"[[320.0, 276.0], [315.0, 225.0], [367.0, 221.0], [371.0, 271.0]]",0.9092210569904684,-168.25667211878107,17.469828743816343,-92.90426619383314
765,7,"[[319.0, 279.0], [313.0, 227.0], [365.0, 223.0], [369.0, 274.0]]",0.9051598783977641,-162.55410199950728,10.09670890341142,-94.19005782879697
766,7,"[[333.0, 280.0], [328.0, 227.0], [380.0, 223.0], [385.0, 275.0]]",0.8869490694578684,-164.26515514107956,8.012785587397177,-94.59925893072457
767,7,"[[361.0, 281.0], [356.0, 228.0], [410.0, 224.0], [415.0, 277.0]]",0.8612612084771908,-173.25510134697808,-3.8941214112137694,-95.56014967325738
768,7,"[[398.0, 279.0], [392.0, 225.0], [446.0, 220.0], [451.0, 274.0]]",0.8573420283290498,175.1250994947979,8.42129461115247,-95.53046444926618
769,7,"[[452.0, 284.0], [448.0, 228.0], [503.0, 224.0], [507.0, 280.0]]",0.8267685231647165,-172.05376428394285,6.2907449129611726,-94.1826108230126
770,7,"[[472.0, 262.0], [469.0, 204.0], [526.0, 200.0], [529.0, 258.0]]",0.8090551485940033,174.33585261235535,6.64463901009737,-93.62551794160194
771,7,"[[501.0, 274.0], [498.0, 213.0], [556.0, 209.0], [559.0, 270.0]]",0.7623670198509893,-167.32493227065152,9.159443533908885,-93.45131800562925
772,7,"[[509.0, 279.0], [506.0, 216.0], [566.0, 213.0], [569.0, 275.0]]",0.7437724363356139,-169.22210262887418,7.123439659209966,-93.28051058915123
773,7,"[[516.0, 279.0], [513.0, 215.0], [575.0, 211.0], [578.0, 274.0]]",0.7301547471825504,-172.70434492171725,10.70899511953521,-93.67062276996175
774,7,"[[528.0, 260.0], [528.0, 188.0], [593.0, 186.0], [592.0, 257.0]]",0.6546630111613128,-160.89863351234922,12.339171130537801,-90.7832413498292
775,7,"[[548.0, 284.0], [544.0, 215.0], [610.0, 210.0], [613.0, 278.0]]",0.6790391814183794,-170.1652699072504,10.31229554480461,-94.17607059073981
776,7,"[[547.0, 258.0], [543.0, 188.0], [611.0, 182.0], [614.0, 252.0]]",0.6681521660382266,-172.4842204561649,13.031318147468912,-94.50373592159227
777,7,"[[533.0, 262.0], [528.0, 185.0], [599.0, 179.0], [603.0, 255.0]]",0.611991728772185,-164.7725792922028,10.776366789142882,-94.53797762136799
778,7,"[[540.0, 266.0], [535.0, 187.0], [608.0, 182.0], [612.0, 258.0]]",0.6031439930192432,-166.75771492978194,10.447953426211336,-94.53876564107114
779,7,"[[568.0, 284.0], [563.0, 201.0], [640.0, 196.0], [642.0, 278.0]]",0.5682125608454369,-165.1824189427116,8.998346236265759,-93.6689491304683
780,7,"[[639.0, 319.0], [636.0, 229.0], [719.0, 223.0], [721.0, 311.0]]",0.5289398580040922,-168.78007605640624,9.608687485211975,-93.81850689841662
781,7,"[[638.0, 325.0], [637.0, 232.0], [722.0, 229.0], [722.0, 319.0]]",0.5151270305819314,-168.1663024025006,8.443885713511039,-92.22077876656174
782,7,"[[644.0, 334.0], [642.0, 240.0], [728.0, 235.0], [728.0, 327.0]]",0.5062599804929777,-167.14141747684786,9.25600189419702,-92.77932362267418
783,7,"[[641.0, 327.0], [640.0, 232.0], [725.0, 227.0], [726.0, 320.0]]",0.501621839112973,-166.02270412136386,9.131062967384821,-92.75531638750961
784,7,"[[640.0, 316.0], [639.0, 218.0], [726.0, 213.0], [726.0, 309.0]]",0.48730873668903935,-164.70090511661166,9.917924970974486,-92.59347525391826
785,7,"[[671.0, 314.0], [669.0, 213.0], [759.0, 208.0], [758.0, 306.0]]",0.47876976439091856,-165.51573351033412,10.061023186949638,-92.92869424485087
786,7,"[[688.0, 297.0], [688.0, 195.0], [779.0, 190.0], [777.0, 290.0]]",0.4760950941353828,-166.4819301949466,11.183133136342542,-92.61951263874933
787,7,"[[710.0, 290.0], [710.0, 182.0], [805.0, 177.0], [802.0, 282.0]]",0.4558173576044124,-165.8703388518006,11.526047944799501,-92.76814454681494
788,7,"[[683.0, 302.0], [682.0, 192.0], [778.0, 186.0], [777.0, 292.0]]",0.44409660407879564,-165.03656984728195,11.545718096650088,-93.28158416870097
789,7,"[[668.0, 333.0], [669.0, 219.0], [767.0, 215.0], [763.0, 325.0]]",0.42433684163725666,-162.2847816282831,10.636257834976663,-91.54660949910746
790,7,"[[687.0, 335.0], [690.0, 218.0], [789.0, 214.0], [785.0, 326.0]]",0.41676715897325817,-162.64529536982405,11.20889580682881,-91.52858580723425
791,7,"[[715.0, 335.0], [717.0, 214.0], [819.0, 210.0], [815.0, 326.0]]",0.40719465898853474,-163.05466135361237,10.182448353960964,-91.83195386229823
792,7,"[[719.0, 331.0], [722.0, 210.0], [825.0, 206.0], [820.0, 323.0]]",0.4064710335198302,-163.6864213459579,10.628264818207398,-91.55834245898357
793,7,"[[738.0, 332.0], [740.0, 206.0], [848.0, 201.0], [843.0, 323.0]]",0.3930082118971842,-164.5292256141963,10.50235162446683,-92.07089765081375
794,7,"[[738.0, 332.0], [741.0, 205.0], [848.0, 201.0], [843.0, 323.0]]",0.3915178336312563,-163.78066985151,10.324201992467854,-91.79187889952122
795,7,"[[755.0, 338.0], [758.0, 207.0], [871.0, 202.0], [865.0, 328.0]]",0.38109831253133836,-165.63691814231197,10.906257035859019,-92.08977970677392
796,7,"[[787.0, 323.0], [793.0, 182.0], [915.0, 178.0], [905.0, 314.0]]",0.36052845566388847,-166.43944407598272,11.681389590042862,-91.57765755587337
834,8,"[[540.0, 23.0], [638.0, 18.0], [628.0, 128.0], [528.0, 127.0]]",0.45470664050657517,-175.94530821838538,28.24846684745086,7.745011001130665
835,8,"[[491.0, 19.0], [591.0, 13.0], [583.0, 122.0], [483.0, 124.0]]",0.4514990155652688,-177.5461103655387,24.517183019403895,5.409150222057037
836,8,"[[400.0, 22.0], [494.0, 17.0], [490.0, 126.0], [396.0, 126.0]]",0.4617188301744241,-171.80492146402682,23.79430579635429,5.91902724902323
837,8,"[[294.0, 43.0], [387.0, 43.0], [382.0, 150.0], [289.0, 146.0]]",0.46733917364123656,-172.3586063014342,18.59255813998891,6.385024883301271
838,8,"[[269.0, 31.0], [363.0, 31.0], [359.0, 138.0], [266.0, 135.0]]",0.470508127546822,-171.6199231373637,17.122761542129425,5.878205508476403
839,1,"[[846.0, 179.0], [864.0, 180.0], [861.0, 195.0], [844.0, 194.0]]",3.0857682464547995,-143.07356773328416,18.558693681284346,7.1025361670870595
839,8,"[[261.0, 29.0], [355.0, 28.0], [353.0, 135.0], [258.0, 133.0]]",0.4710146379823807,-172.50248770381302,15.863531339046135,4.870206719272306
840,8,"[[246.0, 27.0], [343.0, 29.0], [338.0, 139.0], [243.0, 135.0]]",0.4583809881323267,-170.78392065887326,16.56392040525352,6.579813130864926
854,1,"[[416.0, 89.0], [430.0, 89.0], [430.0, 103.0], [416.0, 103.0]]",3.4081936539372384,-178.75257023180205,1.6427431307683622,0.27155082609884773
935,9,"[[405.0, 19.0], [461.0, 16.0], [468.0, 78.0], [412.0, 81.0]]",0.8065793209700586,-168.57098518944156,-19.828403482755306,-10.203008704646802
936,9,"[[388.0, 53.0], [447.0, 51.0], [453.0, 112.0], [393.0, 115.0]]",0.791604600308903,-174.10496163421732,-11.525577249997943,-6.0106224436744435
937,9,"[[393.0, 30.0], [455.0, 29.0], [458.0, 92.0], [396.0, 93.0]]",0.77674264251143,-175.54758828366607,-4.921191979798231,-2.7439783901845627
938,9,"[[404.0, 20.0], [468.0, 19.0], [471.0, 84.0], [408.0, 85.0]]",0.7573740827027899,-174.56258361129557,-6.616741780043957,-3.3688301053150833
939,9,"[[389.0, 51.0], [452.0, 52.0], [455.0, 119.0], [392.0, 120.0]]",0.7254200328236877,-168.24154956726676,-19.05924841561605,-5.907259717142761
940,9,"[[379.0, 65.0], [444.0, 64.0], [448.0, 131.0], [384.0, 134.0]]",0.7202253805872448,-168.427239980072,-15.387903860725133,-6.331993005590026
941,9,"[[368.0, 91.0], [435.0, 89.0], [439.0, 156.0], [374.0, 160.0]]",0.711206269617288,-168.75346151401484,-11.898541628393785,-5.843247853081623
942,9,"[[377.0, 97.0], [446.0, 94.0], [451.0, 163.0], [384.0, 167.0]]",0.6892196569151646,-172.95391916986296,-10.423420453123585,-5.75787554578186
943,9,"[[396.0, 60.0], [468.0, 58.0], [474.0, 131.0], [404.0, 135.0]]",0.6529321087250619,-173.73283479878805,-14.012194122579773,-6.662000480378252
944,9,"[[410.0, 82.0], [484.0, 79.0], [488.0, 158.0], [414.0, 162.0]]",0.6112026762802117,-164.893467435906,-16.446684541254378,-7.116272641946049
945,9,"[[402.0, 125.0], [478.0, 125.0], [481.0, 205.0], [405.0, 206.0]]",0.5906384669352602,-172.4903655935012,-17.49729819855154,-4.17456724072229
946,9,"[[416.0, 178.0], [495.0, 177.0], [497.0, 259.0], [420.0, 261.0]]",0.5669544712232948,-173.42030361731346,-17.54134671544007,-3.908639417989469
947,9,"[[434.0, 170.0], [516.0, 168.0], [519.0, 251.0], [438.0, 255.0]]",0.5571018562530612,-172.18649473863468,-11.011259161129246,-3.9380567609054054
948,9,"[[419.0, 157.0], [504.0, 154.0], [507.0, 240.0], [424.0, 245.0]]",0.5399203910493225,-168.87908490362227,-12.235755268750843,-4.963791411303922
949,9,"[[370.0, 92.0], [463.0, 88.0], [470.0, 183.0], [378.0, 191.0]]",0.49550965256825374,-166.98600499146508,-15.206057353748317,-7.453148540523019
950,9,"[[332.0, 100.0], [428.0, 96.0], [436.0, 193.0], [341.0, 202.0]]",0.482157901885272,-166.7857450154627,-17.142359459830086,-7.951984350232074
951,9,"[[240.0, 68.0], [347.0, 64.0], [359.0, 168.0], [254.0, 179.0]]",0.45523100147845497,-168.87970995175453,-17.169299827818897,-8.67111803792054
952,9,"[[147.0, 61.0], [266.0, 55.0], [281.0, 172.0], [165.0, 186.0]]",0.4150593633379002,-159.2870235523576,-27.39566139437368,-13.138236812640331
953,9,"[[45.0, 124.0], [178.0, 115.0], [195.0, 235.0], [67.0, 255.0]]",0.3954888478056703,-156.0821250773145,-30.484885017593005,-14.069275968023662
973,8,"[[406.0, 105.0], [427.0, 103.0], [428.0, 122.0], [409.0, 125.0]]",2.3453505950861078,-145.1674218541239,-6.033487644835722,-8.97407909111337
975,8,"[[354.0, 160.0], [374.0, 157.0], [376.0, 176.0], [356.0, 179.0]]",2.3153560031306606,169.04051402347696,4.629750751788993,-7.684485977156776
977,8,"[[298.0, 201.0], [319.0, 200.0], [322.0, 218.0], [302.0, 222.0]]",2.303574346181545,173.08427006615557,-14.14505393940242,-9.39416477550643
979,8,"[[222.0, 292.0], [244.0, 288.0], [246.0, 308.0], [225.0, 312.0]]",2.1926676434349286,-151.4605759300167,-24.32059540996386,-13.182888575597508
980,8,"[[176.0, 336.0], [199.0, 333.0], [201.0, 353.0], [180.0, 357.0]]",2.240673114143736,-161.57786297417587,-22.4286187206699,-10.414927936997614
981,8,"[[163.0, 378.0], [187.0, 374.0], [189.0, 394.0], [167.0, 398.0]]",2.1707149230662166,-154.5051178945636,-20.598674233395176,-10.23822648598849
982,8,"[[137.0, 387.0], [162.0, 384.0], [165.0, 403.0], [142.0, 408.0]]",2.1215662139050044,-152.3283188947632,-15.727753724437306,-9.643456937824872
983,8,"[[134.0, 375.0], [157.0, 371.0], [162.0, 392.0], [138.0, 396.0]]",2.161261977582115,163.70341048355377,-24.36517898762744,-10.270622065881797
985,8,"[[131.0, 337.0], [155.0, 334.0], [159.0, 356.0], [136.0, 360.0]]",2.1104300390014092,177.5943519160267,-33.074284977109876,-10.595335449538268
986,8,"[[134.0, 369.0], [159.0, 365.0], [164.0, 385.0], [140.0, 391.0]]",2.06022748311354,159.25976729289076,-23.754946776041493,-12.529640283686595
987,8,"[[160.0, 394.0], [184.0, 388.0], [190.0, 410.0], [166.0, 415.0]]",2.0550962717286594,-160.86409663222312,-10.445786194595728,-13.08159868624589
988,8,"[[190.0, 345.0], [214.0, 340.0], [219.0, 362.0], [195.0, 367.0]]",2.0324170148561147,166.697969214447,-15.404999147762341,-12.675072448982803
989,8,"[[189.0, 361.0], [213.0, 356.0], [218.0, 379.0], [194.0, 384.0]]",2.0295170330198884,-179.9988085248707,-10.665423641307202,-12.214116146851573
990,8,"[[186.0, 402.0], [211.0, 397.0], [215.0, 420.0], [191.0, 425.0]]",2.0047521590156197,-168.83126686139224,-17.96465233841101,-11.438415092860591
991,8,"[[162.0, 422.0], [189.0, 415.0], [193.0, 437.0], [168.0, 445.0]]",1.871333430608158,-152.77801515834915,-24.63317038518873,-16.264900864551418
993,8,"[[186.0, 431.0], [212.0, 426.0], [217.0, 449.0], [192.0, 455.0]]",1.9815828999569447,-174.1162202089217,-15.011601722627319,-12.35430900074549
994,8,"[[200.0, 440.0], [227.0, 433.0], [232.0, 455.0], [207.0, 463.0]]",1.8474943036051688,-155.53339128460962,-17.451143692781383,-15.679404860278172
995,8,"[[203.0, 444.0], [229.0, 437.0], [235.0, 460.0], [209.0, 468.0]]",1.8462956967258708,-161.31718913036033,-19.18478304691708,-15.50658109561506
996,8,"[[235.0, 441.0], [260.0, 435.0], [266.0, 459.0], [240.0, 465.0]]",1.8748660745256496,162.99786774783226,-14.947621914087561,-12.484622132811001
997,8,"[[236.0, 445.0], [262.0, 439.0], [267.0, 463.0], [241.0, 470.0]]",1.8253233000887648,-167.01709978076983,-19.956652330324786,-12.976989988597996
998,8,"[[241.0, 429.0], [268.0, 422.0], [273.0, 447.0], [248.0, 453.0]]",1.8206327828236648,-167.65041992802244,-12.206380726603856,-13.557335899481835
1000,8,"[[274.0, 402.0], [302.0, 395.0], [307.0, 419.0], [281.0, 425.0]]",1.7254692043461688,-154.18659738822902,-9.013722015696166,-13.378021565987574
1001,8,"[[270.0, 356.0], [297.0, 350.0], [303.0, 375.0], [277.0, 382.0]]",1.7534059196120357,-168.01779578209934,-10.868220726011776,-14.241087545367852
1002,8,"[[232.0, 342.0], [263.0, 336.0], [268.0, 361.0], [238.0, 367.0]]",1.5641736637176702,-145.35617112285917,-11.528171957845021,-11.6774280429955
1003,8,"[[205.0, 375.0], [235.0, 368.0], [241.0, 393.0], [212.0, 401.0]]",1.6226410664022555,-152.13237733897338,-15.462737181724888,-14.791599876734738
1004,8,"[[206.0, 380.0], [236.0, 373.0], [243.0, 398.0], [215.0, 407.0]]",1.6380647155943822,-157.7085549982048,-11.77203530292003,-15.879948079880073
1005,8,"[[201.0, 355.0], [231.0, 349.0], [238.0, 375.0], [209.0, 383.0]]",1.6253917847476012,165.86467639443538,-19.33201889013107,-14.233196498422178
1006,8,"[[178.0, 342.0], [210.0, 335.0], [216.0, 362.0], [186.0, 370.0]]",1.5653322242667969,-153.7866256193139,-16.67126077564693,-14.83099855843483
1007,8,"[[166.0, 322.0], [198.0, 316.0], [204.0, 344.0], [174.0, 352.0]]",1.5774173000789178,-162.22828962871208,-19.804392394660344,-14.677864515879829
1008,8,"[[170.0, 335.0], [204.0, 328.0], [210.0, 357.0], [178.0, 364.0]]",1.486397493340024,-153.22468565045003,-14.836544117468064,-13.03979735625021
1009,8,"[[165.0, 341.0], [198.0, 333.0], [206.0, 362.0], [174.0, 371.0]]",1.497296109199671,-158.10695571811956,-16.036207077060638,-16.000467404023727
1010,8,"[[134.0, 338.0], [170.0, 330.0], [177.0, 360.0], [144.0, 369.0]]",1.4405088668099728,-154.54716125278748,-17.48845294224973,-15.43096579479431
1011,8,"[[126.0, 372.0], [162.0, 363.0], [170.0, 395.0], [136.0, 405.0]]",1.4181845140195237,-165.41791130740543,-23.68747478575737,-16.74659741451046
1012,8,"[[117.0, 349.0], [153.0, 340.0], [162.0, 371.0], [127.0, 381.0]]",1.4115441951615562,-156.79291437725846,-18.51422229497371,-16.65355699839368
1013,8,"[[125.0, 344.0], [161.0, 336.0], [170.0, 369.0], [134.0, 378.0]]",1.3942450310157115,177.10632584430286,-20.73535004846263,-14.864979168573727
1014,8,"[[144.0, 340.0], [180.0, 332.0], [189.0, 366.0], [152.0, 374.0]]",1.3623539075633366,173.87216844323234,-18.6140586262497,-13.752079621579476
1015,8,"[[149.0, 346.0], [188.0, 337.0], [197.0, 371.0], [159.0, 381.0]]",1.2796567009200823,-157.34909455445967,-16.28754977566334,-15.076871281579432
1016,8,"[[144.0, 334.0], [183.0, 326.0], [192.0, 362.0], [154.0, 371.0]]",1.278497633536257,-179.92128351035058,-25.3803735853478,-14.495566431404654
1017,8,"[[80.0, 364.0], [121.0, 354.0], [132.0, 391.0], [90.0, 403.0]]",1.2345828074154965,173.20152354710018,-15.33304028774613,-16.031842206637577
1018,8,"[[48.0, 372.0], [92.0, 361.0], [103.0, 399.0], [59.0, 411.0]]",1.2028479447203195,168.3720749496456,-20.420633639754605,-16.23720462575809
1019,8,"[[32.0, 346.0], [78.0, 335.0], [89.0, 375.0], [45.0, 386.0]]",1.1899025532811764,-163.51957763716393,-20.336668291988822,-15.847409098413156
1020,8,"[[30.0, 328.0], [76.0, 316.0], [89.0, 357.0], [42.0, 368.0]]",1.1520829036562983,171.54223217501897,-22.205788978897697,-16.85539547304213
1021,8,"[[63.0, 289.0], [110.0, 279.0], [121.0, 321.0], [74.0, 330.0]]",1.119967554006872,171.52562746292108,-21.031282232281544,-14.494231560824057
1022,8,"[[67.0, 278.0], [115.0, 268.0], [127.0, 310.0], [80.0, 321.0]]",1.0970527610361778,-156.76788447928476,-17.998407879547393,-15.36384941732007
1023,8,"[[82.0, 244.0], [130.0, 234.0], [143.0, 278.0], [94.0, 289.0]]",1.0617291051134854,177.66171898492334,-17.254220211779,-15.53082561085931
1024,8,"[[110.0, 239.0], [160.0, 229.0], [169.0, 275.0], [122.0, 286.0]]",1.016323793680178,-155.7795513061843,-29.366827319979187,-18.04938397728563
1025,8,"[[76.0, 228.0], [127.0, 217.0], [139.0, 266.0], [89.0, 276.0]]",1.0021912944522597,-174.7288538645968,-5.802966595408223,-13.00753256623445
1026,8,"[[85.0, 199.0], [137.0, 189.0], [151.0, 237.0], [99.0, 248.0]]",0.9917472913447306,-177.39720411976802,-19.233288503118434,-15.937283607970668
1027,8,"[[101.0, 178.0], [154.0, 168.0], [167.0, 219.0], [115.0, 228.0]]",0.9691770916689376,-163.9820187704719,-8.153062869316994,-12.258522391856951
1028,8,"[[116.0, 161.0], [169.0, 152.0], [183.0, 202.0], [129.0, 212.0]]",0.9510015153257172,-178.36515307601482,-18.124477884176297,-14.799297289947926
1029,8,"[[176.0, 108.0], [233.0, 104.0], [242.0, 157.0], [187.0, 163.0]]",0.9190205107446652,-165.1853828184496,-15.579705182449825,-10.189482491778104
1030,8,"[[217.0, 107.0], [274.0, 99.0], [285.0, 155.0], [228.0, 162.0]]",0.8611162079712461,-178.21437347416645,-11.775757663014822,-10.972917195036931
1031,8,"[[216.0, 94.0], [274.0, 86.0], [284.0, 145.0], [227.0, 153.0]]",0.8372508439090386,-169.18949184297492,1.405167408433697,-7.680559378208776
1032,8,"[[196.0, 106.0], [255.0, 99.0], [264.0, 159.0], [205.0, 166.0]]",0.8207994436279061,-172.8374673395084,1.0057025121293317,-6.683259526716612
1033,1,"[[462.0, 108.0], [474.0, 106.0], [476.0, 119.0], [464.0, 121.0]]",3.7039854212565966,-163.69387799567727,-14.781600181275142,-13.553782799559304
1033,8,"[[168.0, 84.0], [231.0, 74.0], [244.0, 137.0], [182.0, 146.0]]",0.7983711184495556,-169.01298544472414,-5.112685235115349,-10.48090771163816
1034,1,"[[488.0, 93.0], [501.0, 92.0], [503.0, 105.0], [490.0, 107.0]]",3.538410411561253,-175.01228758497115,-9.566512404982952,-9.403999103288728
1034,8,"[[175.0, 32.0], [243.0, 25.0], [254.0, 92.0], [188.0, 100.0]]",0.7574724629607655,-150.8877010570669,-16.448645991007815,-12.46729003264544
1035,8,"[[178.0, 24.0], [247.0, 16.0], [260.0, 84.0], [193.0, 93.0]]",0.7479348729922847,-151.3934983034204,-11.620090870872641,-11.613942912397478
1036,8,"[[204.0, 39.0], [273.0, 32.0], [282.0, 103.0], [213.0, 110.0]]",0.7091803350039457,-173.27488392099508,2.083070590718085,-5.378349166400582
1037,8,"[[188.0, 27.0], [260.0, 19.0], [271.0, 90.0], [199.0, 99.0]]",0.6953969312827006,-177.47567717697194,-3.0863671686623158,-8.084306743415151
1038,8,"[[144.0, 14.0], [222.0, 5.0], [232.0, 84.0], [156.0, 91.0]]",0.6567203338382244,-174.65229665092173,0.0954340616630328,-6.288582230500893
1042,1,"[[469.0, 143.0], [482.0, 142.0], [483.0, 156.0], [470.0, 157.0]]",3.4140279433498413,-166.25103699666678,-16.493741975617688,-8.299023533162877
1054,1,"[[717.0, 71.0], [736.0, 70.0], [737.0, 88.0], [717.0, 90.0]]",2.6197110346444767,176.48921846361156,12.444916749034475,-1.102039537479785
1055,10,"[[15.0, 125.0], [31.0, 126.0], [34.0, 151.0], [19.0, 151.0]]",2.0986153317505294,-128.1506202870882,-74.92677989619641,-52.910912803260764
1055,1,"[[767.0, 67.0], [787.0, 65.0], [787.0, 84.0], [767.0, 86.0]]",2.6448996473789084,-179.9770463683006,21.32173769082324,0.13798669510073983
1056,10,"[[18.0, 120.0], [34.0, 122.0], [37.0, 146.0], [21.0, 144.0]]",2.2223340637730873,-158.58737301654244,26.620783924803348,12.044122301090516
1057,10,"[[34.0, 125.0], [51.0, 126.0], [55.0, 150.0], [39.0, 149.0]]",2.19509482905578,-157.09733966617534,26.36570904266104,9.090857490620076
1057,1,"[[801.0, 38.0], [821.0, 35.0], [822.0, 55.0], [802.0, 58.0]]",2.668872795808437,-167.4522363254366,9.2386484299165,-5.920769834681574
1059,10,"[[116.0, 105.0], [132.0, 107.0], [135.0, 131.0], [120.0, 130.0]]",2.1026812108140955,-152.81694219404673,-69.57341269055436,-30.52517527174421
1060,10,"[[134.0, 114.0], [151.0, 116.0], [155.0, 140.0], [139.0, 139.0]]",2.0597586490465294,-162.25987076368492,-66.68958409338258,-24.463037211018086
1061,10,"[[157.0, 131.0], [174.0, 132.0], [178.0, 157.0], [162.0, 156.0]]",1.9924223450103404,-153.93358006103972,32.408362437140326,10.940644283359589
1062,10,"[[162.0, 106.0], [179.0, 107.0], [183.0, 132.0], [166.0, 131.0]]",2.021505658829717,-154.15957792871978,30.58562415027482,11.230254339329033
1064,10,"[[47.0, 80.0], [66.0, 82.0], [71.0, 109.0], [52.0, 108.0]]",1.9487604151947657,-148.50913142370965,-68.77840252834582,-35.22582591067364
1065,10,"[[49.0, 32.0], [69.0, 34.0], [74.0, 63.0], [55.0, 62.0]]",1.8740501743405682,-139.91790535064888,-67.406100146346,-42.25656975713013
